seed,lr,damping,global_episode,total_steps,train_mean_reward,eval_mean_reward,time_seconds,grad_norm,condition_number
4000,0.001,0.01,10,209,20.9,38.83,0.33393001556396484,18.827125549316406,316.69342041015625
4000,0.001,0.01,20,467,25.8,234.66,1.8917109966278076,50.19977569580078,323.9736328125
4000,0.001,0.01,30,696,22.9,494.11,5.594475984573364,41.65867614746094,323.7302551269531
5000,0.001,0.01,10,176,17.6,9.41,0.13726305961608887,19.126821517944336,351.37884521484375
5000,0.001,0.01,20,371,19.5,9.41,0.282459020614624,31.696577072143555,283.4267578125
5000,0.001,0.01,30,625,25.4,9.41,0.4416329860687256,41.7285270690918,276.7403259277344
5000,0.001,0.01,40,812,18.7,9.41,0.5800681114196777,64.78988647460938,273.3179626464844
5000,0.001,0.01,50,1014,20.2,10.4,0.7318980693817139,42.31594467163086,284.5386657714844
5000,0.001,0.01,60,1256,24.2,10.45,0.893510103225708,24.25517463684082,319.74835205078125
5000,0.001,0.01,70,1574,31.8,25.18,1.1745641231536865,58.346797943115234,266.4212951660156
5000,0.001,0.01,80,1808,23.4,34.51,1.5180411338806152,72.0936508178711,370.96826171875
5000,0.001,0.01,90,2009,20.1,49.94,1.9226810932159424,68.76692199707031,406.7319030761719
5000,0.001,0.01,100,2301,29.2,126.54,2.825230121612549,72.37476348876953,294.0732116699219
5000,0.001,0.01,110,2570,26.9,91.99,3.4915051460266113,32.29096984863281,305.5163269042969
5000,0.001,0.01,120,2851,28.1,94.9,4.209843873977661,77.73665618896484,343.8955993652344
5000,0.001,0.01,130,3167,31.6,131.01,5.170749187469482,48.41902542114258,350.2147216796875
5000,0.001,0.01,140,3578,41.1,186.32,6.663338899612427,106.3062973022461,306.5088195800781
5000,0.001,0.01,150,3968,39.0,500.0,10.171592950820923,42.0896110534668,293.8678894042969
6000,0.001,0.01,10,214,21.4,98.82,0.704904317855835,34.87750244140625,323.4709167480469
6000,0.001,0.01,20,435,22.1,70.31,1.2318971157073975,54.55608367919922,327.8052062988281
6000,0.001,0.01,30,713,27.8,73.9,1.7892773151397705,28.25750160217285,309.8576354980469
6000,0.001,0.01,40,953,24.0,106.79,2.5392329692840576,40.596046447753906,319.657470703125
6000,0.001,0.01,50,1267,31.4,500.0,5.782364130020142,45.83783721923828,323.43524169921875
2000,0.001,0.01,10,283,28.3,48.18,0.415250301361084,48.2591552734375,289.68328857421875
2000,0.001,0.01,20,557,27.4,225.21,1.9175570011138916,16.34234619140625,295.45819091796875
2000,0.001,0.01,30,832,27.5,76.95,2.5098941326141357,32.401004791259766,290.7214050292969
2000,0.001,0.01,40,1030,19.8,140.44,3.5363242626190186,45.720062255859375,296.8624572753906
2000,0.001,0.01,50,1283,25.3,99.9,4.37750506401062,50.08238220214844,295.59228515625
2000,0.001,0.01,60,1489,20.6,138.06,5.632025241851807,80.11539459228516,361.0586242675781
2000,0.001,0.01,70,1866,37.7,147.61,6.750847101211548,72.55503845214844,287.3560485839844
2000,0.001,0.01,80,2176,31.0,133.53,7.766622304916382,35.7556266784668,317.1741943359375
2000,0.001,0.01,90,2514,33.8,146.88,8.814836025238037,27.081985473632812,301.3924255371094
2000,0.001,0.01,100,2890,37.6,157.94,9.98013710975647,53.03938293457031,301.5456848144531
2000,0.001,0.01,110,3385,49.5,171.28,11.235392093658447,33.47791290283203,301.96722412109375
2000,0.001,0.01,120,3993,60.8,210.92,13.039761304855347,83.21842956542969,350.0420837402344
2000,0.001,0.01,130,4878,88.5,204.01,14.682813167572021,55.7777214050293,340.30975341796875
2000,0.001,0.01,140,5632,75.4,234.75,16.477296113967896,120.87181091308594,351.6343994140625
2000,0.001,0.01,150,6528,89.6,234.72,18.219648122787476,112.23699188232422,386.4765930175781
2000,0.001,0.01,160,7893,136.5,226.7,20.030126094818115,28.64707374572754,396.57171630859375
2000,0.001,0.01,170,8731,83.8,245.71,21.888662099838257,68.21918487548828,386.25469970703125
2000,0.001,0.01,180,10109,137.8,405.88,25.386255264282227,136.06668090820312,418.32916259765625
2000,0.001,0.01,190,12008,189.9,435.86,28.9429612159729,57.06391143798828,417.7122802734375
2000,0.001,0.01,200,14466,245.8,481.49,32.98312020301819,135.68829345703125,424.5567932128906
1000,0.001,0.01,10,290,29.0,68.0,0.5433797836303711,28.40293312072754,336.2998046875
1000,0.001,0.01,20,579,28.9,86.44,1.1786527633666992,24.964399337768555,324.31719970703125
1000,0.001,0.01,30,832,25.3,104.65,1.9201548099517822,11.982949256896973,309.2846984863281
1000,0.001,0.01,40,1177,34.5,156.12,3.044205665588379,64.93085479736328,319.3382568359375
1000,0.001,0.01,50,1665,48.8,131.42,4.1858906745910645,47.58710479736328,313.14715576171875
1000,0.001,0.01,60,2045,38.0,120.39,5.277721881866455,14.580499649047852,304.5235900878906
1000,0.001,0.01,70,2399,35.4,113.23,6.269794702529907,101.35482788085938,315.6264953613281
1000,0.001,0.01,80,2939,54.0,192.51,7.749111652374268,53.06776428222656,313.04327392578125
1000,0.001,0.01,90,3723,78.4,209.38,9.440403938293457,145.88153076171875,315.9202575683594
1000,0.001,0.01,100,4489,76.6,272.96,11.452877759933472,58.22731399536133,325.1678466796875
1000,0.001,0.01,110,5509,102.0,310.12,13.913134813308716,88.39096069335938,327.3193054199219
1000,0.001,0.01,120,7127,161.8,298.22,16.393794775009155,109.04802703857422,341.0219421386719
1000,0.001,0.01,130,8455,132.8,426.96,19.432179927825928,155.73779296875,410.7620849609375
1000,0.001,0.01,140,9997,154.2,466.19,23.038025856018066,127.26787567138672,431.8382263183594
1000,0.001,0.01,150,12371,237.4,443.76,27.038155794143677,180.3414764404297,453.99114990234375
1000,0.001,0.01,160,15674,330.3,376.6,30.63554573059082,402.0499572753906,406.0667419433594
1000,0.001,0.01,170,18406,273.2,448.89,34.53235101699829,357.05230712890625,597.54833984375
1000,0.001,0.01,180,21931,352.5,480.74,38.79078674316406,49.01925277709961,835.16162109375
3000,0.001,0.01,10,185,18.5,9.28,0.14776921272277832,43.97177505493164,322.80975341796875
3000,0.001,0.01,20,324,13.9,9.28,0.2573130130767822,24.30995750427246,319.41632080078125
3000,0.001,0.01,30,507,18.3,9.28,0.3775632381439209,10.167524337768555,393.109130859375
3000,0.001,0.01,40,671,16.4,9.28,0.49933528900146484,12.3875093460083,412.6383361816406
3000,0.001,0.01,50,827,15.6,9.28,0.6156861782073975,25.89059829711914,298.7326354980469
3000,0.001,0.01,60,1041,21.4,9.28,0.7496252059936523,69.37654113769531,311.3289489746094
3000,0.001,0.01,70,1243,20.2,9.28,0.8792293071746826,38.405128479003906,371.2828674316406
3000,0.001,0.01,80,1488,24.5,9.28,1.0225391387939453,17.5220890045166,319.6293029785156
3000,0.001,0.01,90,1759,27.1,9.28,1.175410270690918,23.02335548400879,342.84075927734375
3000,0.001,0.01,100,2011,25.2,9.28,1.3250811100006104,65.54743194580078,316.142578125
3000,0.001,0.01,110,2314,30.3,9.9,1.4877240657806396,54.85348129272461,324.16864013671875
3000,0.001,0.01,120,2682,36.8,53.15,1.9355530738830566,77.10612487792969,316.06634521484375
3000,0.001,0.01,130,3021,33.9,106.01,2.744584321975708,86.12732696533203,339.80877685546875
3000,0.001,0.01,140,3435,41.4,127.2,3.7729179859161377,64.6697769165039,340.128173828125
3000,0.001,0.01,150,3869,43.4,194.86,5.495606184005737,46.30131149291992,343.0928649902344
3000,0.001,0.01,160,4379,51.0,266.69,7.598382234573364,35.455806732177734,355.50628662109375
3000,0.001,0.01,170,4921,54.2,368.35,10.10428524017334,96.77592468261719,353.511474609375
3000,0.001,0.01,180,5828,90.7,415.07,13.13784122467041,38.31117248535156,357.6352844238281
3000,0.001,0.01,190,6546,71.8,221.27,14.841222286224365,152.90281677246094,369.5599365234375
3000,0.001,0.01,200,7489,94.3,313.72,17.140244960784912,158.55528259277344,366.9244079589844
3000,0.001,0.01,210,8743,125.4,345.46,19.632825136184692,184.70578002929688,453.48663330078125
3000,0.001,0.01,220,10192,144.9,269.63,21.790138244628906,85.39508056640625,478.80181884765625
3000,0.001,0.01,230,11434,124.2,289.15,24.273925304412842,78.13268280029297,425.96002197265625
3000,0.001,0.01,240,13135,170.1,343.53,27.312445163726807,131.6624298095703,423.7718200683594
3000,0.001,0.01,250,14804,166.9,255.04,29.55774426460266,110.5458984375,466.2945556640625
3000,0.001,0.01,260,16772,196.8,383.14,32.746809244155884,47.15580749511719,542.2471923828125
3000,0.001,0.01,270,19436,266.4,470.03,36.74016618728638,200.77374267578125,409.1782531738281
3000,0.001,0.01,280,22006,257.0,477.48,40.66446018218994,265.5359802246094,446.8938293457031
7000,0.001,0.01,10,204,20.4,9.28,0.13887619972229004,4.514404296875,355.9812316894531
7000,0.001,0.01,20,442,23.8,9.28,0.28945326805114746,57.23134994506836,299.94482421875
7000,0.001,0.01,30,679,23.7,9.28,0.4403340816497803,22.564754486083984,352.1122131347656
7000,0.001,0.01,40,910,23.1,9.28,0.5895302295684814,46.96031951904297,306.2686767578125
7000,0.001,0.01,50,1171,26.1,9.28,0.834935188293457,66.63668060302734,307.9232177734375
7000,0.001,0.01,60,1410,23.9,9.28,0.9891042709350586,18.30207061767578,337.79681396484375
7000,0.001,0.01,70,1677,26.7,66.86,1.5781991481781006,45.0477294921875,314.9410705566406
7000,0.001,0.01,80,1969,29.2,62.09,2.1299734115600586,45.26850128173828,336.6320495605469
7000,0.001,0.01,90,2397,42.8,94.41,2.919013261795044,47.584922790527344,307.6714172363281
7000,0.001,0.01,100,2802,40.5,148.25,4.300628423690796,79.36318969726562,312.7517395019531
7000,0.001,0.01,110,3270,46.8,187.14,5.653932094573975,42.69457244873047,321.0568542480469
7000,0.001,0.01,120,3851,58.1,187.56,7.085018157958984,33.551883697509766,318.2082824707031
7000,0.001,0.01,130,4283,43.2,188.06,8.530010223388672,24.851486206054688,330.7037353515625
7000,0.001,0.01,140,4744,46.1,205.56,10.100959300994873,86.08203887939453,336.24798583984375
7000,0.001,0.01,150,5270,52.6,171.44,11.388351440429688,80.06224822998047,335.2177734375
7000,0.001,0.01,160,6114,84.4,228.1,13.195977210998535,114.32872009277344,342.18292236328125
7000,0.001,0.01,170,6824,71.0,258.93,15.163708209991455,59.19380187988281,354.0994873046875
7000,0.001,0.01,180,8117,129.3,234.29,17.047174215316772,87.83866882324219,346.16375732421875
7000,0.001,0.01,190,9220,110.3,402.85,20.158647060394287,99.95073699951172,397.8207702636719
7000,0.001,0.01,200,10522,130.2,416.9,23.321683406829834,53.67853546142578,492.8125305175781
7000,0.001,0.01,210,12431,190.9,474.04,27.044867277145386,88.88631439208984,451.7891845703125
7000,0.001,0.01,220,14150,171.9,480.96,30.832009315490723,114.05561828613281,477.8334655761719
8000,0.001,0.01,10,255,25.5,55.21,0.47528076171875,51.2022819519043,262.65594482421875
8000,0.001,0.01,20,581,32.6,194.54,1.8843986988067627,60.30830383300781,312.7866516113281
8000,0.001,0.01,30,831,25.0,126.8,2.810835838317871,40.44689178466797,304.833740234375
8000,0.001,0.01,40,1087,25.6,228.94,4.433169841766357,40.753177642822266,272.8223571777344
8000,0.001,0.01,50,1465,37.8,393.42,7.143358945846558,50.406497955322266,276.29583740234375
8000,0.001,0.01,60,1830,36.5,372.4,9.752548694610596,30.28632354736328,268.309326171875
8000,0.001,0.01,70,2098,26.8,305.31,11.893857955932617,30.006431579589844,313.9159851074219
8000,0.001,0.01,80,2549,45.1,254.77,13.681808710098267,27.50520896911621,307.5372009277344
8000,0.001,0.01,90,3089,54.0,288.48,15.781500816345215,94.25849914550781,306.0804138183594
8000,0.001,0.01,100,3768,67.9,355.12,18.39370894432068,94.27803039550781,291.1416015625
8000,0.001,0.01,110,4617,84.9,322.47,20.836036682128906,160.00674438476562,315.32269287109375
8000,0.001,0.01,120,5830,121.3,357.5,23.90835189819336,81.79943084716797,362.6211853027344
8000,0.001,0.01,130,7385,155.5,360.49,27.1363468170166,35.022823333740234,338.12237548828125
8000,0.001,0.01,140,9370,198.5,486.01,31.341830730438232,124.28587341308594,363.91412353515625
10000,0.001,0.01,10,202,20.2,9.41,0.13600516319274902,22.945371627807617,281.1724853515625
10000,0.001,0.01,20,432,23.0,9.41,0.28003835678100586,34.29434585571289,289.34844970703125
10000,0.001,0.01,30,600,16.8,9.41,0.406358003616333,11.317506790161133,286.9636535644531
10000,0.001,0.01,40,774,17.4,9.41,0.536433219909668,22.743162155151367,316.9996643066406
10000,0.001,0.01,50,945,17.1,9.41,0.6759071350097656,24.05048942565918,295.5670471191406
10000,0.001,0.01,60,1132,18.7,9.41,0.8395111560821533,29.56308364868164,281.9764099121094
10000,0.001,0.01,70,1327,19.5,60.38,1.327131986618042,48.58741760253906,286.6048583984375
10000,0.001,0.01,80,1536,20.9,107.1,2.113297939300537,37.679683685302734,296.69195556640625
10000,0.001,0.01,90,1877,34.1,93.07,2.8437881469726562,30.593698501586914,296.5725402832031
10000,0.001,0.01,100,2228,35.1,87.47,3.539015054702759,7.290384292602539,289.71759033203125
10000,0.001,0.01,110,2708,48.0,97.01,4.348857164382935,49.41775131225586,301.1177062988281
10000,0.001,0.01,120,2990,28.2,102.65,5.111148118972778,36.446868896484375,319.863525390625
10000,0.001,0.01,130,3438,44.8,148.9,6.2562949657440186,111.38343811035156,318.5747375488281
10000,0.001,0.01,140,3854,41.6,186.16,7.604053020477295,179.34536743164062,309.54522705078125
10000,0.001,0.01,150,4483,62.9,211.86,9.30601191520691,57.43207550048828,304.6464538574219
10000,0.001,0.01,160,5451,96.8,255.64,11.358294010162354,68.95036315917969,308.7450256347656
10000,0.001,0.01,170,6420,96.9,266.48,13.445985078811646,146.68740844726562,313.579345703125
10000,0.001,0.01,180,7857,143.7,278.26,15.965370178222656,110.32160186767578,317.576416015625
10000,0.001,0.01,190,9342,148.5,307.95,18.622879028320312,70.16035461425781,325.5253601074219
10000,0.001,0.01,200,11051,170.9,336.65,21.863938093185425,95.06487274169922,343.39813232421875
10000,0.001,0.01,210,13189,213.8,303.36,25.015844106674194,135.20521545410156,339.65911865234375
10000,0.001,0.01,220,14987,179.8,323.6,28.072197198867798,100.46560668945312,381.3759765625
10000,0.001,0.01,230,17306,231.9,441.11,32.15085315704346,258.1511535644531,389.0695495605469
10000,0.001,0.01,240,20313,300.7,496.21,36.91646122932434,333.38427734375,364.2456970214844
9000,0.001,0.01,10,211,21.1,18.9,0.2006819248199463,12.340191841125488,307.3777770996094
9000,0.001,0.01,20,471,26.0,306.44,2.362316131591797,27.464160919189453,296.968994140625
9000,0.001,0.01,30,648,17.7,231.4,4.002385854721069,38.73643112182617,299.4018249511719
9000,0.001,0.01,40,1096,44.8,246.85,5.76554799079895,44.338626861572266,289.4005126953125
9000,0.001,0.01,50,1384,28.8,152.13,6.859653949737549,30.026084899902344,305.7877502441406
9000,0.001,0.01,60,1753,36.9,176.3,8.168262004852295,47.62554168701172,303.5494079589844
9000,0.001,0.01,70,2183,43.0,193.21,9.573982954025269,90.7070541381836,313.6283874511719
9000,0.001,0.01,80,2788,60.5,191.61,11.014148235321045,109.85037994384766,335.6796875
9000,0.001,0.01,90,3455,66.7,263.14,13.155726194381714,24.214235305786133,330.7101135253906
9000,0.001,0.01,100,4202,74.7,249.19,15.062769889831543,144.1738739013672,335.6684265136719
9000,0.001,0.01,110,5019,81.7,239.37,16.89652395248413,84.81048583984375,378.88104248046875
9000,0.001,0.01,120,5853,83.4,166.08,18.661706924438477,142.08001708984375,420.382080078125
9000,0.001,0.01,130,7193,134.0,163.06,20.207065105438232,49.23096466064453,466.6539001464844
9000,0.001,0.01,140,8417,122.4,213.66,22.426130056381226,195.72845458984375,468.10760498046875
9000,0.001,0.01,150,10058,164.1,440.62,26.203951120376587,258.0876770019531,499.3298645019531
9000,0.001,0.01,160,12003,194.5,433.04,30.252522945404053,133.44186401367188,458.6009216308594
9000,0.001,0.01,170,13961,195.8,400.37,33.888794898986816,242.793701171875,585.7091064453125
9000,0.001,0.01,180,16147,218.6,460.48,38.13466501235962,141.81341552734375,497.2328186035156
9000,0.001,0.01,190,20368,422.1,489.22,43.344011068344116,266.70623779296875,436.7577209472656
11000,0.001,0.01,10,143,14.3,9.41,0.11713504791259766,15.681719779968262,332.1860046386719
11000,0.001,0.01,20,305,16.2,9.41,0.23929476737976074,37.7446403503418,353.67120361328125
11000,0.001,0.01,30,497,19.2,9.41,0.38008904457092285,51.1759033203125,291.1167297363281
11000,0.001,0.01,40,659,16.2,9.41,0.5117607116699219,38.0060920715332,294.1536865234375
11000,0.001,0.01,50,801,14.2,9.41,0.6298599243164062,18.61916160583496,408.0373229980469
11000,0.001,0.01,60,964,16.3,9.41,0.7560288906097412,56.29172134399414,322.4424133300781
11000,0.001,0.01,70,1155,19.1,9.41,0.900587797164917,14.122733116149902,336.9709167480469
11000,0.001,0.01,80,1351,19.6,9.41,1.0385658740997314,38.998085021972656,338.7864074707031
11000,0.001,0.01,90,1535,18.4,9.41,1.1718549728393555,23.797361373901367,295.6979064941406
11000,0.001,0.01,100,1742,20.7,9.41,1.3138060569763184,53.425819396972656,318.23272705078125
11000,0.001,0.01,110,1936,19.4,9.41,1.4508957862854004,27.086105346679688,395.59161376953125
11000,0.001,0.01,120,2196,26.0,9.41,1.60823392868042,25.883712768554688,362.6954345703125
11000,0.001,0.01,130,2452,25.6,10.78,1.774906873703003,63.37856674194336,321.3716125488281
11000,0.001,0.01,140,2804,35.2,16.05,1.9985740184783936,54.81256103515625,362.0151062011719
11000,0.001,0.01,150,3128,32.4,28.11,2.2973198890686035,35.605796813964844,327.7972412109375
11000,0.001,0.01,160,3415,28.7,78.64,2.908025026321411,54.91269302368164,381.8795471191406
11000,0.001,0.01,170,3752,33.7,123.25,4.089442014694214,120.45757293701172,315.3963928222656
11000,0.001,0.01,180,4211,45.9,145.36,5.4019458293914795,72.5542984008789,355.961669921875
11000,0.001,0.01,190,4624,41.3,144.03,6.491239786148071,113.28005981445312,345.3837585449219
11000,0.001,0.01,200,4964,34.0,154.23,7.869450807571411,38.1697883605957,345.488037109375
11000,0.001,0.01,210,5632,66.8,198.52,9.610469818115234,77.11395263671875,333.3573303222656
11000,0.001,0.01,220,6396,76.4,197.98,11.296048879623413,147.0896453857422,349.53668212890625
11000,0.001,0.01,230,7429,103.3,226.86,13.53293776512146,120.58258056640625,347.4420166015625
11000,0.001,0.01,240,8548,111.9,226.03,15.826330661773682,104.60486602783203,398.1263122558594
11000,0.001,0.01,250,9902,135.4,181.17,17.64719295501709,70.70057678222656,371.7209777832031
11000,0.001,0.01,260,11241,133.9,236.41,19.79638981819153,152.546875,396.17120361328125
11000,0.001,0.01,270,12661,142.0,249.08,22.33797597885132,117.84254455566406,365.3851318359375
11000,0.001,0.01,280,14003,134.2,251.91,24.709503889083862,98.10010528564453,371.81256103515625
11000,0.001,0.01,290,15770,176.7,267.01,27.43790578842163,109.96290588378906,415.4123229980469
11000,0.001,0.01,300,17479,170.9,205.46,29.563143730163574,76.17084503173828,450.0035095214844
11000,0.001,0.01,310,18958,147.9,310.41,32.49601888656616,53.95441818237305,469.83001708984375
11000,0.001,0.01,320,21090,213.2,479.51,36.67777681350708,287.9479675292969,473.9000244140625
13000,0.001,0.01,10,309,30.9,24.74,0.3083040714263916,41.850135803222656,287.2532653808594
13000,0.001,0.01,20,596,28.7,41.77,0.7034940719604492,28.0938720703125,276.23529052734375
13000,0.001,0.01,30,884,28.8,67.37,1.431473970413208,35.96908187866211,282.75238037109375
13000,0.001,0.01,40,1204,32.0,206.95,3.0883378982543945,22.340911865234375,281.65289306640625
13000,0.001,0.01,50,1473,26.9,189.68,4.577157020568848,53.22413635253906,279.3928527832031
13000,0.001,0.01,60,1793,32.0,241.21,6.561249017715454,32.70168685913086,286.70062255859375
13000,0.001,0.01,70,2113,32.0,388.55,9.396106958389282,22.50846290588379,270.9075012207031
13000,0.001,0.01,80,2437,32.4,500.0,13.135499000549316,67.48689270019531,279.7382507324219
14000,0.001,0.01,10,214,21.4,26.49,0.2953917980194092,54.348995208740234,314.7454528808594
14000,0.001,0.01,20,468,25.4,29.12,0.6701359748840332,11.001089096069336,266.0613098144531
14000,0.001,0.01,30,680,21.2,80.18,1.3468239307403564,49.24431610107422,270.9583435058594
14000,0.001,0.01,40,879,19.9,107.64,2.274113893508911,21.172298431396484,277.0224914550781
14000,0.001,0.01,50,1085,20.6,93.74,3.019031047821045,15.673670768737793,311.6358337402344
14000,0.001,0.01,60,1432,34.7,115.57,3.979081869125366,15.400860786437988,288.2853698730469
14000,0.001,0.01,70,1761,32.9,93.9,4.726203918457031,87.0181655883789,276.95037841796875
14000,0.001,0.01,80,2064,30.3,210.15,6.449682950973511,40.922950744628906,297.0082702636719
14000,0.001,0.01,90,2311,24.7,191.21,7.969805955886841,32.15524673461914,278.64788818359375
14000,0.001,0.01,100,2565,25.4,132.46,8.959091901779175,29.249589920043945,305.8895263671875
14000,0.001,0.01,110,2960,39.5,150.72,10.118737936019897,46.616302490234375,307.55126953125
14000,0.001,0.01,120,3290,33.0,167.73,11.33073091506958,59.09832000732422,311.00238037109375
14000,0.001,0.01,130,3753,46.3,173.44,12.671708822250366,65.63813781738281,315.6963806152344
14000,0.001,0.01,140,4358,60.5,238.7,14.412589073181152,72.78652954101562,309.3695068359375
14000,0.001,0.01,150,5369,101.1,234.41,16.377606868743896,81.0068130493164,325.35198974609375
14000,0.001,0.01,160,6409,104.0,222.07,18.383575916290283,72.44135284423828,338.4979248046875
14000,0.001,0.01,170,7419,101.0,195.6,20.00955581665039,88.36229705810547,427.9147644042969
14000,0.001,0.01,180,8800,138.1,205.39,21.74042582511902,101.54703521728516,407.1470642089844
14000,0.001,0.01,190,10200,140.0,269.09,24.0047390460968,143.73377990722656,544.8894653320312
14000,0.001,0.01,200,11909,170.9,200.1,25.811959981918335,158.82949829101562,729.1145629882812
14000,0.001,0.01,210,13472,156.3,265.46,28.01347780227661,64.64798736572266,702.0730590820312
14000,0.001,0.01,220,15184,171.2,355.41,30.849564790725708,65.45217895507812,591.1728515625
14000,0.001,0.01,230,16600,141.6,160.88,32.31322002410889,126.10452270507812,648.2233276367188
14000,0.001,0.01,240,17880,128.0,146.81,33.65179491043091,86.7126235961914,770.2626953125
14000,0.001,0.01,250,19329,144.9,208.26,35.39233684539795,330.0214538574219,834.5293579101562
14000,0.001,0.01,260,21210,188.1,296.45,37.97036290168762,57.097129821777344,841.1488037109375
14000,0.001,0.01,270,23001,179.1,488.79,42.01052212715149,132.5983123779297,809.4036254882812
16000,0.001,0.01,10,245,24.5,25.74,0.29338598251342773,42.202266693115234,282.67584228515625
16000,0.001,0.01,20,497,25.2,26.77,0.5624120235443115,58.16817855834961,281.3990783691406
16000,0.001,0.01,30,704,20.7,29.89,0.8616161346435547,14.932958602905273,289.6374206542969
16000,0.001,0.01,40,976,27.2,33.52,1.1761329174041748,45.72156524658203,292.05157470703125
16000,0.001,0.01,50,1288,31.2,59.04,1.6764369010925293,32.350772857666016,300.7618713378906
16000,0.001,0.01,60,1634,34.6,130.55,2.637489080429077,21.7954158782959,292.0334777832031
16000,0.001,0.01,70,1918,28.4,138.87,3.686753034591675,25.389209747314453,305.20123291015625
16000,0.001,0.01,80,2385,46.7,318.5,5.903520822525024,39.56570053100586,304.2428894042969
16000,0.001,0.01,90,2887,50.2,283.11,7.86319899559021,53.1998405456543,318.6544189453125
16000,0.001,0.01,100,3411,52.4,332.29,10.61024808883667,75.81842803955078,320.0680847167969
16000,0.001,0.01,110,4504,109.3,300.37,12.846317052841187,140.0649871826172,306.2021789550781
16000,0.001,0.01,120,5550,104.6,307.43,15.250797986984253,92.754638671875,344.5701599121094
16000,0.001,0.01,130,6915,136.5,303.45,17.602028846740723,111.43270874023438,398.8086853027344
16000,0.001,0.01,140,8539,162.4,350.24,20.411155223846436,151.83697509765625,367.92236328125
16000,0.001,0.01,150,10563,202.4,376.79,23.387850999832153,94.68379974365234,370.4533386230469
16000,0.001,0.01,160,13798,323.5,399.02,26.870296955108643,102.05025482177734,395.32373046875
16000,0.001,0.01,170,16646,284.8,436.75,30.665240049362183,138.74740600585938,501.727294921875
16000,0.001,0.01,180,19673,302.7,490.48,35.097848892211914,174.99822998046875,609.7523193359375
12000,0.001,0.01,10,221,22.1,9.28,0.14302611351013184,22.837514877319336,305.41265869140625
12000,0.001,0.01,20,386,16.5,9.28,0.3012239933013916,76.85072326660156,270.03814697265625
12000,0.001,0.01,30,631,24.5,9.28,0.6252069473266602,18.080785751342773,288.5061340332031
12000,0.001,0.01,40,818,18.7,9.28,0.8015329837799072,45.51384353637695,283.4420471191406
12000,0.001,0.01,50,1042,22.4,272.0,2.8828980922698975,25.080175399780273,288.84527587890625
12000,0.001,0.01,60,1263,22.1,28.23,3.2282321453094482,20.510019302368164,292.04327392578125
12000,0.001,0.01,70,1509,24.6,37.07,3.686328887939453,23.66958236694336,310.1849060058594
12000,0.001,0.01,80,1752,24.3,71.35,4.3297059535980225,22.110307693481445,311.4832763671875
12000,0.001,0.01,90,1974,22.2,51.51,4.828381061553955,29.871129989624023,335.2881774902344
12000,0.001,0.01,100,2191,21.7,167.77,6.0513529777526855,26.366729736328125,301.17047119140625
12000,0.001,0.01,110,2540,34.9,182.68,7.482111930847168,71.30986022949219,321.6004943847656
12000,0.001,0.01,120,2904,36.4,359.99,10.487730026245117,44.359493255615234,309.34197998046875
12000,0.001,0.01,130,3296,39.2,254.26,12.715188980102539,51.72764587402344,301.2571105957031
12000,0.001,0.01,140,3536,24.0,213.22,14.44157600402832,25.53720474243164,359.264404296875
12000,0.001,0.01,150,3863,32.7,275.09,16.665009021759033,84.14624786376953,314.55706787109375
12000,0.001,0.01,160,4542,67.9,222.31,18.592092990875244,74.80437469482422,299.1868591308594
12000,0.001,0.01,170,5211,66.9,164.04,20.101337909698486,133.92449951171875,309.38458251953125
12000,0.001,0.01,180,5848,63.7,302.66,22.42662000656128,168.60948181152344,342.70086669921875
12000,0.001,0.01,190,6822,97.4,402.97,25.78714895248413,79.5682144165039,324.4524841308594
12000,0.001,0.01,200,8484,166.2,369.88,28.82357382774353,103.60460662841797,383.2242736816406
12000,0.001,0.01,210,11337,285.3,377.36,32.246299028396606,202.69606018066406,404.1661682128906
12000,0.001,0.01,220,13306,196.9,423.66,35.7777898311615,106.05354309082031,469.62701416015625
12000,0.001,0.01,230,16262,295.6,370.9,39.165627002716064,134.8173370361328,519.4100952148438
12000,0.001,0.01,240,18391,212.9,365.79,42.296518087387085,121.25498962402344,468.6624450683594
12000,0.001,0.01,250,20345,195.4,310.91,44.872169971466064,67.69115447998047,501.01348876953125
12000,0.001,0.01,260,22484,213.9,437.11,48.3932569026947,329.3611755371094,527.1573486328125
12000,0.001,0.01,270,24586,210.2,439.47,51.900819063186646,198.8460693359375,489.90338134765625
12000,0.001,0.01,280,28123,353.7,431.98,55.82835388183594,115.08277130126953,486.7392272949219
12000,0.001,0.01,290,31432,330.9,466.27,60.187129974365234,319.21441650390625,506.1727600097656
12000,0.001,0.01,300,35367,393.5,375.13,64.28165078163147,240.86233520507812,494.77734375
12000,0.001,0.01,310,38157,279.0,368.24,67.49461483955383,172.92860412597656,469.7898254394531
12000,0.001,0.01,320,40452,229.5,353.75,70.45336580276489,104.17406463623047,548.1038818359375
12000,0.001,0.01,330,42510,205.8,399.61,73.70167589187622,58.18113708496094,549.2020874023438
12000,0.001,0.01,340,45206,269.6,393.77,77.62731695175171,214.64573669433594,530.3932495117188
12000,0.001,0.01,350,48425,321.9,380.22,81.01462173461914,97.50446319580078,648.515869140625
12000,0.001,0.01,360,50957,253.2,361.65,84.07867312431335,97.99591064453125,624.7291870117188
12000,0.001,0.01,370,53499,254.2,400.49,87.94337201118469,144.63668823242188,685.6250610351562
12000,0.001,0.01,380,56955,345.6,436.42,91.81124901771545,408.6495361328125,772.110107421875
12000,0.001,0.01,390,61409,445.4,500.0,96.31832385063171,185.5196075439453,847.7318115234375
15000,0.001,0.01,10,186,18.6,14.54,0.27744364738464355,17.152502059936523,280.8712158203125
15000,0.001,0.01,20,420,23.4,30.31,0.5676007270812988,34.76274490356445,233.372802734375
15000,0.001,0.01,30,650,23.0,35.65,0.888880729675293,50.49694061279297,302.1234130859375
15000,0.001,0.01,40,823,17.3,35.04,1.1896429061889648,14.72574234008789,285.24560546875
15000,0.001,0.01,50,1108,28.5,65.46,1.7173576354980469,39.18992614746094,242.55523681640625
15000,0.001,0.01,60,1324,21.6,76.46,2.327242851257324,29.3895320892334,246.67333984375
15000,0.001,0.01,70,1603,27.9,97.3,3.084495782852173,56.958248138427734,256.9147033691406
15000,0.001,0.01,80,1992,38.9,119.12,3.993175745010376,49.823604583740234,254.24664306640625
15000,0.001,0.01,90,2434,44.2,116.52,4.907651662826538,37.69452667236328,270.53436279296875
15000,0.001,0.01,100,2824,39.0,125.05,5.914052724838257,87.93116760253906,265.5536804199219
15000,0.001,0.01,110,3396,57.2,130.94,6.958556890487671,29.173301696777344,265.06842041015625
15000,0.001,0.01,120,3937,54.1,121.41,7.922149896621704,119.68790435791016,266.0077819824219
15000,0.001,0.01,130,4724,78.7,129.44,9.003768682479858,105.03555297851562,275.90826416015625
15000,0.001,0.01,140,5567,84.3,165.72,10.468390941619873,70.00835418701172,292.4885559082031
15000,0.001,0.01,150,6515,94.8,171.44,12.044534921646118,50.685672760009766,305.55908203125
15000,0.001,0.01,160,7302,78.7,152.12,13.281790971755981,57.96576690673828,329.9974365234375
15000,0.001,0.01,170,8469,116.7,180.58,14.781198740005493,77.57079315185547,335.13970947265625
15000,0.001,0.01,180,9348,87.9,170.69,16.325840711593628,90.5205307006836,323.1023254394531
15000,0.001,0.01,190,10226,87.8,186.89,17.870537996292114,27.488189697265625,362.0397644042969
15000,0.001,0.01,200,11198,97.2,209.13,19.4911048412323,79.20343017578125,360.8365783691406
15000,0.001,0.01,210,12415,121.7,215.85,21.337117910385132,53.16032791137695,354.0772399902344
15000,0.001,0.01,220,13720,130.5,202.21,23.026237964630127,84.92826843261719,354.3309326171875
15000,0.001,0.01,230,15183,146.3,230.01,24.91317868232727,79.35737609863281,388.2991638183594
15000,0.001,0.01,240,16560,137.7,231.45,26.807326793670654,74.29784393310547,380.384765625
15000,0.001,0.01,250,17946,138.6,226.78,28.63876986503601,73.85334014892578,413.3911437988281
15000,0.001,0.01,260,19456,151.0,207.43,30.58734369277954,192.1192626953125,417.6748962402344
15000,0.001,0.01,270,20803,134.7,204.39,32.33551573753357,69.65995788574219,368.6565246582031
15000,0.001,0.01,280,22197,139.4,208.05,34.41559672355652,119.36811065673828,375.6851806640625
15000,0.001,0.01,290,23695,149.8,169.44,36.04307198524475,52.56312561035156,448.66156005859375
15000,0.001,0.01,300,24934,123.9,154.76,37.5507378578186,100.8844223022461,500.46661376953125
15000,0.001,0.01,310,26194,126.0,160.08,39.253724813461304,83.8951644897461,502.77886962890625
15000,0.001,0.01,320,27557,136.3,163.26,40.73987364768982,44.35676193237305,550.1361694335938
15000,0.001,0.01,330,29134,157.7,174.94,42.331904888153076,83.72705841064453,633.8859252929688
15000,0.001,0.01,340,30516,138.2,148.4,43.680306911468506,88.84809875488281,553.4225463867188
15000,0.001,0.01,350,31931,141.5,142.33,45.273746967315674,56.790008544921875,600.989990234375
15000,0.001,0.01,360,33280,134.9,159.98,46.7109797000885,67.8910903930664,606.2586669921875
15000,0.001,0.01,370,34543,126.3,170.37,48.26001191139221,134.34378051757812,639.972900390625
15000,0.001,0.01,380,36090,154.7,163.74,49.91666579246521,69.82850646972656,766.90380859375
15000,0.001,0.01,390,37688,159.8,182.05,51.736952781677246,118.4398422241211,661.4649047851562
15000,0.001,0.01,400,38980,129.2,164.65,53.21030879020691,293.1793212890625,642.3847045898438
15000,0.001,0.01,410,40428,144.8,167.32,54.735578775405884,61.69328308105469,769.0479125976562
15000,0.001,0.01,420,42270,184.2,176.15,56.401612758636475,92.15032196044922,858.2239379882812
15000,0.001,0.01,430,43871,160.1,213.03,58.2533278465271,67.89244842529297,655.037353515625
15000,0.001,0.01,440,45610,173.9,257.75,60.4209086894989,174.7828826904297,652.1282348632812
15000,0.001,0.01,450,47509,189.9,326.45,63.63532781600952,145.97239685058594,484.9930114746094
15000,0.001,0.01,460,49556,204.7,398.73,66.81500697135925,291.0445556640625,476.73187255859375
15000,0.001,0.01,470,52216,266.0,415.23,70.2570288181305,141.947021484375,458.7944641113281
15000,0.001,0.01,480,55148,293.2,465.46,74.24081587791443,124.8547134399414,503.3816833496094
15000,0.001,0.01,490,55773,62.5,442.68,77.23577690124512,156.79510498046875,461.6027526855469
15000,0.001,0.01,500,57876,210.3,466.09,80.856027841568,181.7645263671875,480.8860778808594
17000,0.001,0.01,10,136,13.6,9.41,0.11856508255004883,21.024402618408203,313.0770263671875
17000,0.001,0.01,20,294,15.8,9.41,0.24053406715393066,9.733664512634277,401.2067565917969
17000,0.001,0.01,30,487,19.3,9.41,0.38282108306884766,19.06050682067871,372.0657958984375
17000,0.001,0.01,40,682,19.5,9.41,0.5321221351623535,23.397525787353516,309.8741149902344
17000,0.001,0.01,50,809,12.7,9.41,0.6467232704162598,10.539840698242188,358.5874328613281
17000,0.001,0.01,60,1014,20.5,9.41,0.7852010726928711,18.305959701538086,363.7196960449219
17000,0.001,0.01,70,1187,17.3,9.41,0.908595085144043,28.665102005004883,324.0981750488281
17000,0.001,0.01,80,1367,18.0,9.41,1.0382180213928223,11.29210090637207,296.46051025390625
17000,0.001,0.01,90,1543,17.6,9.41,1.168869972229004,12.074274063110352,283.02801513671875
17000,0.001,0.01,100,1733,19.0,9.41,1.300274133682251,73.4495620727539,291.1094665527344
17000,0.001,0.01,110,1896,16.3,9.41,1.4238412380218506,40.28082275390625,335.71942138671875
17000,0.001,0.01,120,2104,20.8,9.41,1.5564360618591309,29.431486129760742,334.0833740234375
17000,0.001,0.01,130,2361,25.7,9.41,1.7479629516601562,36.375492095947266,311.506103515625
17000,0.001,0.01,140,2637,27.6,9.41,1.956728219985962,24.696332931518555,324.743408203125
17000,0.001,0.01,150,2877,24.0,9.41,2.107511043548584,13.725113868713379,318.009033203125
17000,0.001,0.01,160,3195,31.8,12.2,2.303924083709717,76.09719848632812,335.6474914550781
17000,0.001,0.01,170,3390,19.5,16.37,2.523535966873169,16.570743560791016,353.9309387207031
17000,0.001,0.01,180,3697,30.7,32.64,3.0185000896453857,37.78364944458008,334.6799621582031
17000,0.001,0.01,190,3909,21.2,54.32,3.5395352840423584,47.6440544128418,416.4405822753906
17000,0.001,0.01,200,4160,25.1,123.88,4.5625810623168945,82.85769653320312,404.4405822753906
17000,0.001,0.01,210,4758,59.8,132.55,5.589322090148926,112.50211334228516,297.6155090332031
17000,0.001,0.01,220,5360,60.2,159.92,6.7498860359191895,62.32609939575195,298.9432678222656
17000,0.001,0.01,230,5983,62.3,158.29,7.959439277648926,117.25165557861328,331.5210876464844
17000,0.001,0.01,240,6617,63.4,151.14,9.082621097564697,116.03380584716797,344.2223815917969
17000,0.001,0.01,250,7348,73.1,160.8,10.351962327957153,73.96527099609375,377.3227233886719
17000,0.001,0.01,260,8258,91.0,172.37,11.719826936721802,61.674354553222656,394.0223388671875
17000,0.001,0.01,270,9376,111.8,226.02,13.592565059661865,152.33494567871094,397.9093322753906
17000,0.001,0.01,280,10689,131.3,215.62,15.593294143676758,143.84207153320312,417.1784973144531
17000,0.001,0.01,290,12146,145.7,218.69,17.544565200805664,127.70980834960938,378.6416015625
17000,0.001,0.01,300,13766,162.0,307.03,20.02378511428833,124.75159454345703,393.16510009765625
17000,0.001,0.01,310,15453,168.7,279.77,22.2606680393219,211.12533569335938,477.2585144042969
17000,0.001,0.01,320,17242,178.9,348.39,25.015228986740112,124.52678680419922,502.7635803222656
17000,0.001,0.01,330,19054,181.2,240.25,27.61728596687317,265.2548522949219,573.4807739257812
17000,0.001,0.01,340,20720,166.6,219.57,29.56949210166931,155.2126007080078,638.5703125
17000,0.001,0.01,350,22552,183.2,200.06,31.45026206970215,29.1905574798584,692.2382202148438
17000,0.001,0.01,360,24055,150.3,202.63,33.17305827140808,159.3954315185547,667.1909790039062
17000,0.001,0.01,370,25885,183.0,227.84,35.19728708267212,68.91645050048828,745.9465942382812
17000,0.001,0.01,380,27586,170.1,252.15,37.43598222732544,166.5917205810547,806.2395629882812
17000,0.001,0.01,390,29722,213.6,337.41,40.2549090385437,122.9771728515625,874.0062866210938
17000,0.001,0.01,400,32139,241.7,407.29,43.55074119567871,344.5425109863281,732.5497436523438
17000,0.001,0.01,410,34803,266.4,500.0,47.69166326522827,559.2509765625,767.8737182617188
20000,0.001,0.01,10,201,20.1,9.32,0.13817191123962402,33.77322006225586,277.54107666015625
20000,0.001,0.01,20,430,22.9,9.39,0.2837679386138916,29.048402786254883,282.3829040527344
20000,0.001,0.01,30,716,28.6,14.69,0.4816100597381592,34.319976806640625,274.0193176269531
20000,0.001,0.01,40,915,19.9,14.03,0.6464121341705322,30.408903121948242,336.6346130371094
20000,0.001,0.01,50,1154,23.9,308.9,2.674861192703247,35.47086715698242,297.0006103515625
20000,0.001,0.01,60,1378,22.4,89.0,3.2197132110595703,54.21038818359375,308.51947021484375
20000,0.001,0.01,70,1595,21.7,82.75,3.758538007736206,26.101211547851562,319.8102111816406
20000,0.001,0.01,80,1774,17.9,500.0,6.461280107498169,41.38430404663086,282.98992919921875
19000,0.001,0.01,10,159,15.9,9.28,0.1228780746459961,20.91355323791504,382.5271911621094
19000,0.001,0.01,20,342,18.3,9.28,0.24821901321411133,13.322338104248047,328.9154052734375
19000,0.001,0.01,30,564,22.2,9.28,0.387678861618042,66.35018157958984,319.9664001464844
19000,0.001,0.01,40,841,27.7,9.28,0.5453321933746338,75.08230590820312,337.40863037109375
19000,0.001,0.01,50,1084,24.3,11.54,0.7069060802459717,33.58192825317383,364.5604553222656
19000,0.001,0.01,60,1364,28.0,41.06,1.0596940517425537,25.350234985351562,362.41827392578125
19000,0.001,0.01,70,1656,29.2,49.8,1.4750940799713135,9.4256010055542,356.4538269042969
19000,0.001,0.01,80,2005,34.9,64.44,1.9885339736938477,11.779620170593262,360.51361083984375
19000,0.001,0.01,90,2378,37.3,91.8,2.7266690731048584,61.7056884765625,381.7593994140625
19000,0.001,0.01,100,2726,34.8,81.77,3.3694751262664795,37.55185317993164,374.11572265625
19000,0.001,0.01,110,3035,30.9,94.26,4.076343059539795,35.929691314697266,392.3001708984375
19000,0.001,0.01,120,3412,37.7,123.73,5.09524130821228,73.20466613769531,363.7691955566406
19000,0.001,0.01,130,3863,45.1,153.82,6.201757192611694,43.68783187866211,383.595458984375
19000,0.001,0.01,140,4279,41.6,170.62,7.429961204528809,79.67229461669922,401.6208190917969
19000,0.001,0.01,150,4834,55.5,165.09,8.69514513015747,164.35751342773438,394.89862060546875
19000,0.001,0.01,160,5757,92.3,200.21,10.260969161987305,69.4704818725586,389.0588684082031
19000,0.001,0.01,170,6574,81.7,258.85,12.13419795036316,121.73059844970703,386.5078430175781
19000,0.001,0.01,180,7607,103.3,297.95,14.022686958312988,141.6781768798828,377.2395324707031
19000,0.001,0.01,190,8881,127.4,281.88,15.848189115524292,87.62184143066406,453.2191467285156
19000,0.001,0.01,200,9984,110.3,289.98,17.382335901260376,161.7777862548828,408.21771240234375
19000,0.001,0.01,210,11465,148.1,314.78,19.108206033706665,51.15250015258789,410.4291076660156
19000,0.001,0.01,220,13014,154.9,200.64,20.36823320388794,182.5925750732422,452.2229919433594
19000,0.001,0.01,230,14343,132.9,227.6,21.869261026382446,93.08880615234375,418.6165771484375
19000,0.001,0.01,240,16249,190.6,312.58,23.703110218048096,248.1569366455078,431.5003662109375
19000,0.001,0.01,250,18440,219.1,285.77,25.471748113632202,244.2354278564453,453.97796630859375
19000,0.001,0.01,260,21348,290.8,329.19,27.710179090499878,266.9749755859375,440.0548095703125
19000,0.001,0.01,270,23045,169.7,364.07,29.76422905921936,85.98680114746094,428.4078674316406
19000,0.001,0.01,280,24846,180.1,407.41,31.894514083862305,239.48782348632812,426.254638671875
19000,0.001,0.01,290,27296,245.0,483.64,34.64113926887512,189.50070190429688,537.1310424804688
18000,0.001,0.01,10,165,16.5,21.05,0.24271106719970703,42.59232711791992,345.3384094238281
18000,0.001,0.01,20,392,22.7,65.71,0.8048040866851807,46.106109619140625,318.810791015625
18000,0.001,0.01,30,573,18.1,208.1,2.451569080352783,4.773284435272217,309.7600402832031
18000,0.001,0.01,40,784,21.1,464.04,5.432953119277954,23.79442596435547,318.4465637207031
18000,0.001,0.01,50,1087,30.3,287.48,7.292638063430786,29.537424087524414,337.2051086425781
18000,0.001,0.01,60,1378,29.1,210.32,8.772382020950317,40.7938232421875,331.626708984375
18000,0.001,0.01,70,1718,34.0,206.69,10.181840181350708,52.07345199584961,316.4729309082031
18000,0.001,0.01,80,2080,36.2,170.33,11.469581127166748,108.78243255615234,327.44073486328125
18000,0.001,0.01,90,2456,37.6,155.17,12.67672610282898,88.40110778808594,356.9183044433594
18000,0.001,0.01,100,3178,72.2,163.52,14.083536148071289,60.04740524291992,325.55352783203125
18000,0.001,0.01,110,3872,69.4,165.85,15.406381130218506,64.09384155273438,362.782470703125
18000,0.001,0.01,120,4707,83.5,191.66,16.871197938919067,94.81304931640625,373.74176025390625
18000,0.001,0.01,130,5683,97.6,233.98,18.901206016540527,103.5120849609375,386.93304443359375
18000,0.001,0.01,140,6971,128.8,238.62,20.77062702178955,38.44728469848633,398.95159912109375
18000,0.001,0.01,150,8009,103.8,235.54,22.585397958755493,214.74571228027344,416.3892822265625
18000,0.001,0.01,160,9358,134.9,266.75,25.113301992416382,56.47840881347656,424.37384033203125
18000,0.001,0.01,170,10883,152.5,263.4,27.40305209159851,95.54051971435547,450.2218322753906
18000,0.001,0.01,180,12666,178.3,269.09,29.67486810684204,99.56903839111328,460.03961181640625
18000,0.001,0.01,190,14379,171.3,316.01,32.18135595321655,98.8383560180664,452.05975341796875
18000,0.001,0.01,200,16054,167.5,322.15,34.71074414253235,133.33360290527344,413.7250671386719
18000,0.001,0.01,210,17900,184.6,368.14,37.63335704803467,52.48027801513672,462.9880676269531
18000,0.001,0.01,220,20175,227.5,305.26,40.25262904167175,158.9889373779297,544.4258422851562
18000,0.001,0.01,230,21913,173.8,358.1,43.1103880405426,163.2960968017578,443.82177734375
18000,0.001,0.01,240,23958,204.5,399.67,46.3430552482605,114.16148376464844,473.5732116699219
18000,0.001,0.01,250,25968,201.0,336.71,48.69796824455261,123.49057006835938,560.239990234375
18000,0.001,0.01,260,27769,180.1,227.32,50.51054406166077,312.6978454589844,595.8796997070312
18000,0.001,0.01,270,29768,199.9,235.43,52.01964497566223,215.1203155517578,700.92529296875
18000,0.001,0.01,280,31694,192.6,272.2,53.67385005950928,172.7689666748047,595.9170532226562
18000,0.001,0.01,290,33604,191.0,215.85,55.071218967437744,265.9940185546875,694.7301635742188
18000,0.001,0.01,300,35746,214.2,300.39,57.100261211395264,254.4711456298828,806.2174682617188
18000,0.001,0.01,310,38496,275.0,298.72,59.074467182159424,81.87977600097656,723.5375366210938
18000,0.001,0.01,320,41264,276.8,334.17,61.18218016624451,167.41734313964844,682.5715942382812
18000,0.001,0.01,330,45381,411.7,432.86,64.19661808013916,245.0006103515625,720.8043212890625
18000,0.001,0.01,340,49679,429.8,391.64,66.95114493370056,86.79931640625,633.9445190429688
18000,0.001,0.01,350,54304,462.5,500.0,70.10335421562195,239.11122131347656,604.7100219726562
