seed,lr,global_episode,train_mean_reward,eval_mean_reward,time_seconds
42,0.1,10,18.2,16.05,0.13926100730895996
42,0.1,20,16.9,115.15,0.5524749755859375
42,0.1,30,74.7,37.71,0.7665989398956299
42,0.1,40,34.8,73.72,1.0821781158447266
42,0.1,50,68.0,169.52,1.734767198562622
42,0.1,60,118.0,101.97,2.218747854232788
42,0.1,70,87.8,52.51,2.5024240016937256
42,0.1,80,48.1,45.48,2.715472936630249
42,0.1,90,44.2,47.36,2.9291350841522217
42,0.1,100,44.8,60.22,3.1862661838531494
42,0.1,110,48.9,66.66,3.469379186630249
42,0.1,120,55.3,64.22,3.75067400932312
42,0.1,130,74.3,60.89,4.081299066543579
42,0.1,140,66.0,124.54,4.581594228744507
42,0.1,150,96.1,149.92,5.198638200759888
42,0.1,160,88.4,118.46,5.703573942184448
42,0.1,170,78.0,107.63,6.16060209274292
42,0.1,180,69.4,73.38,6.491018056869507
42,0.1,190,65.5,72.92,6.81481409072876
42,0.1,200,59.6,80.45,7.15918493270874
42,0.1,210,62.1,111.79,7.608427047729492
42,0.1,220,66.2,112.03,8.060657024383545
42,0.1,230,85.6,140.73,8.630170106887817
42,0.1,240,88.6,149.18,9.239452838897705
42,0.1,250,82.4,147.3,9.830333948135376
42,0.1,260,93.8,121.8,10.383490085601807
42,0.1,270,86.3,93.95,10.803786039352417
42,0.1,280,72.4,72.03,11.133392810821533
42,0.1,290,59.2,69.59,11.438747882843018
42,0.1,300,59.6,60.72,11.712085008621216
42,0.1,310,56.6,63.49,11.99166202545166
42,0.1,320,57.4,61.28,12.270043849945068
42,0.1,330,57.0,60.65,12.543255090713501
42,0.1,340,56.4,60.14,12.817146062850952
42,0.1,350,56.9,61.24,13.092761039733887
42,0.1,360,59.5,62.73,13.373172998428345
42,0.1,370,62.0,64.41,13.668398141860962
42,0.1,380,62.1,65.16,13.965727090835571
42,0.1,390,64.8,65.72,14.264997959136963
42,0.1,400,64.9,66.31,14.564626932144165
42,0.1,410,64.5,67.28,14.870352268218994
42,0.1,420,67.5,69.08,15.182462930679321
42,0.1,430,68.1,68.29,15.497586965560913
42,0.1,440,65.2,69.58,15.81972599029541
42,0.1,450,70.5,80.73,16.176820993423462
42,0.1,460,68.3,96.01,16.5802218914032
42,0.1,470,73.6,129.66,17.109535932540894
42,0.1,480,92.3,156.14,17.73984408378601
42,0.1,490,106.2,181.96,18.475802183151245
42,0.1,500,127.2,197.88,19.320176124572754
1337,0.1,10,30.9,9.33,0.0738680362701416
1337,0.1,20,10.1,9.33,0.12012386322021484
1337,0.1,30,9.3,9.33,0.16411995887756348
1337,0.1,40,9.3,9.33,0.20857691764831543
1337,0.1,50,9.3,9.33,0.2532949447631836
1337,0.1,60,9.3,9.33,0.2991600036621094
1337,0.1,70,9.3,9.33,0.34337496757507324
1337,0.1,80,9.3,9.33,0.38777804374694824
1337,0.1,90,9.3,9.33,0.4326438903808594
1337,0.1,100,9.3,9.33,0.4773707389831543
1337,0.1,110,9.3,9.33,0.522230863571167
1337,0.1,120,9.3,9.33,0.566713809967041
1337,0.1,130,9.3,9.33,0.6109817028045654
1337,0.1,140,9.3,9.33,0.6565608978271484
1337,0.1,150,9.3,9.33,0.7020206451416016
1337,0.1,160,9.3,9.33,0.746417760848999
1337,0.1,170,9.3,9.33,0.7915997505187988
1337,0.1,180,9.3,9.33,0.8361001014709473
1337,0.1,190,9.3,9.33,0.8818717002868652
1337,0.1,200,9.3,9.33,0.926203727722168
1337,0.1,210,9.3,9.33,0.9713027477264404
1337,0.1,220,9.3,9.33,1.0159621238708496
1337,0.1,230,9.3,9.33,1.0607788562774658
1337,0.1,240,9.3,9.33,1.1047918796539307
1337,0.1,250,9.3,9.33,1.1488168239593506
1337,0.1,260,9.3,9.33,1.1932299137115479
1337,0.1,270,9.3,9.33,1.2372987270355225
1337,0.1,280,9.3,9.33,1.2812631130218506
1337,0.1,290,9.3,9.33,1.325286865234375
1337,0.1,300,9.3,9.33,1.3697137832641602
1337,0.1,310,9.3,9.33,1.4141218662261963
1337,0.1,320,9.3,9.33,1.4579997062683105
1337,0.1,330,9.3,9.33,1.5036747455596924
1337,0.1,340,9.3,9.33,1.54856276512146
1337,0.1,350,9.3,9.33,1.5928428173065186
1337,0.1,360,9.3,9.33,1.6368770599365234
1337,0.1,370,9.3,9.33,1.6812899112701416
1337,0.1,380,9.3,9.33,1.7249829769134521
1337,0.1,390,9.3,9.33,1.7698349952697754
1337,0.1,400,9.3,9.33,1.813910961151123
1337,0.1,410,9.3,9.33,1.857975959777832
1337,0.1,420,9.3,9.33,1.9024899005889893
1337,0.1,430,9.3,9.33,1.9465420246124268
1337,0.1,440,9.3,9.33,1.9906699657440186
1337,0.1,450,9.3,9.33,2.0346288681030273
1337,0.1,460,9.3,9.33,2.0790228843688965
1337,0.1,470,9.3,9.33,2.1229207515716553
1337,0.1,480,9.3,9.33,2.166717767715454
1337,0.1,490,9.3,9.33,2.2110209465026855
1337,0.1,500,9.3,9.33,2.2564618587493896
2024,0.1,10,17.0,9.35,0.0535888671875
2024,0.1,20,9.8,9.35,0.09985208511352539
2024,0.1,30,10.2,9.35,0.146881103515625
2024,0.1,40,10.1,16.13,0.21651601791381836
2024,0.1,50,16.0,54.73,0.42324304580688477
2024,0.1,60,58.3,57.76,0.6858539581298828
2024,0.1,70,59.3,71.2,1.0013160705566406
2024,0.1,80,57.5,60.41,1.2749528884887695
2024,0.1,90,59.5,57.24,1.5380690097808838
2024,0.1,100,56.3,60.35,1.849463939666748
2024,0.1,110,58.0,73.75,2.170846939086914
2024,0.1,120,66.6,183.8,2.877547025680542
2024,0.1,130,71.9,205.53,3.6621601581573486
2024,0.1,140,91.8,188.04,4.409327030181885
2024,0.1,150,86.8,204.59,5.207885980606079
2024,0.1,160,83.7,200.07,5.996628046035767
2024,0.1,170,82.7,185.18,6.76262092590332
2024,0.1,180,74.8,163.81,7.41181492805481
2024,0.1,190,82.6,170.43,8.091248989105225
2024,0.1,200,88.4,138.92,8.667867183685303
2024,0.1,210,75.9,72.63,9.006107807159424
2024,0.1,220,62.7,61.1,9.289483070373535
2024,0.1,230,70.1,69.55,9.60872507095337
2024,0.1,240,47.8,43.88,9.81557297706604
2024,0.1,250,40.9,41.99,10.009379148483276
2024,0.1,260,38.6,40.71,10.19551420211792
2024,0.1,270,37.9,38.26,10.373296022415161
2024,0.1,280,37.1,39.14,10.549299001693726
2024,0.1,290,36.9,39.58,10.727718114852905
2024,0.1,300,37.7,40.01,10.909294128417969
2024,0.1,310,37.3,41.52,11.095173120498657
2024,0.1,320,39.4,42.15,11.285756826400757
2024,0.1,330,39.9,43.54,11.481391191482544
2024,0.1,340,42.0,47.41,11.692553043365479
2024,0.1,350,44.2,57.55,11.94243597984314
2024,0.1,360,49.5,73.42,12.24929404258728
2024,0.1,370,59.3,76.21,12.57514214515686
2024,0.1,380,91.7,74.1,12.929182052612305
2024,0.1,390,76.3,74.84,13.270309209823608
2024,0.1,400,79.1,83.02,13.64060378074646
2024,0.1,410,83.5,76.79,13.999705076217651
2024,0.1,420,84.9,75.17,14.357517004013062
2024,0.1,430,80.2,74.43,14.708930015563965
2024,0.1,440,83.0,75.69,15.062511205673218
2024,0.1,450,88.6,82.93,15.502856969833374
2024,0.1,460,71.1,80.32,15.864262819290161
2024,0.1,470,87.8,64.95,16.229350090026855
2024,0.1,480,54.2,53.44,16.47769808769226
2024,0.1,490,50.8,49.34,16.724592208862305
2024,0.1,500,46.7,47.5,16.939364194869995
777,0.1,10,20.2,37.76,0.15995407104492188
777,0.1,20,32.8,37.88,0.33036112785339355
777,0.1,30,37.1,117.17,0.7755870819091797
777,0.1,40,66.8,60.25,1.0704529285430908
777,0.1,50,75.0,78.15,1.475172996520996
777,0.1,60,49.4,80.16,1.8039679527282715
777,0.1,70,62.2,88.51,2.1839988231658936
777,0.1,80,85.1,281.3,3.250397205352783
777,0.1,90,113.1,144.84,3.8939080238342285
777,0.1,100,86.2,102.53,4.354902029037476
777,0.1,110,87.5,108.03,4.829777002334595
777,0.1,120,88.5,99.98,5.281919002532959
777,0.1,130,78.1,118.69,5.783912181854248
777,0.1,140,91.3,96.05,6.216206073760986
777,0.1,150,95.7,126.14,6.760442018508911
777,0.1,160,121.5,135.48,7.3558900356292725
777,0.1,170,132.0,143.1,8.021552085876465
777,0.1,180,146.2,328.87,9.365599870681763
777,0.1,190,301.7,494.1,11.44258713722229
999,0.1,10,23.8,60.94,0.2815120220184326
999,0.1,20,60.8,45.62,0.5120749473571777
999,0.1,30,38.5,243.28,1.4000489711761475
999,0.1,40,161.9,110.2,1.9605438709259033
999,0.1,50,109.8,136.44,2.560260057449341
999,0.1,60,138.5,243.87,3.5490238666534424
999,0.1,70,216.9,300.32,4.843907117843628
999,0.1,80,229.4,155.58,5.6732800006866455
999,0.1,90,141.3,133.3,6.307429790496826
999,0.1,100,115.8,112.82,6.831686973571777
999,0.1,110,103.5,89.82,7.294140815734863
999,0.1,120,79.1,81.94,7.669100999832153
999,0.1,130,67.7,84.93,8.043928146362305
999,0.1,140,70.0,77.54,8.414756774902344
999,0.1,150,62.7,68.07,8.716039896011353
999,0.1,160,58.2,58.62,8.979392051696777
999,0.1,170,52.9,52.27,9.214925050735474
999,0.1,180,47.2,43.2,9.419002771377563
999,0.1,190,41.3,36.25,9.59216594696045
999,0.1,200,34.9,30.79,9.739198923110962
999,0.1,210,30.4,28.96,9.875396013259888
999,0.1,220,29.3,26.81,10.001991987228394
999,0.1,230,26.0,25.86,10.12207579612732
999,0.1,240,25.7,25.46,10.240132093429565
999,0.1,250,25.4,25.04,10.356040000915527
999,0.1,260,25.2,25.23,10.47120475769043
999,0.1,270,24.9,25.18,10.589205980300903
999,0.1,280,25.5,25.56,10.707534074783325
999,0.1,290,25.8,26.32,10.828606843948364
999,0.1,300,26.6,27.35,10.953353881835938
999,0.1,310,27.5,28.58,11.084106922149658
999,0.1,320,29.0,30.94,11.22261095046997
999,0.1,330,31.4,33.41,11.371420860290527
999,0.1,340,33.2,36.51,11.532080888748169
999,0.1,350,35.0,39.94,11.706490755081177
999,0.1,360,37.6,42.57,11.891986846923828
999,0.1,370,39.2,46.61,12.095799922943115
999,0.1,380,41.4,51.66,12.324049949645996
999,0.1,390,44.2,52.96,12.564791917800903
999,0.1,400,46.1,52.98,12.804550886154175
999,0.1,410,46.4,58.8,13.068678855895996
999,0.1,420,53.1,66.61,13.362627983093262
999,0.1,430,65.2,66.67,13.671787023544312
999,0.1,440,64.2,67.02,13.972859859466553
999,0.1,450,75.0,65.62,14.288295984268188
999,0.1,460,57.3,65.6,14.578295946121216
999,0.1,470,54.1,56.63,14.83189082145691
999,0.1,480,48.8,47.49,15.048561811447144
999,0.1,490,42.5,41.26,15.245954036712646
999,0.1,500,38.1,36.73,15.420397996902466
42,0.05,10,18.2,17.17,0.08150005340576172
42,0.05,20,20.3,70.1,0.343080997467041
42,0.05,30,55.1,57.55,0.5998921394348145
42,0.05,40,49.3,310.47,1.7422778606414795
42,0.05,50,116.9,57.9,2.075148105621338
42,0.05,60,37.9,66.12,2.3456599712371826
42,0.05,70,37.6,107.2,2.7496490478515625
42,0.05,80,84.1,195.51,3.515491247177124
42,0.05,90,183.2,464.56,5.315950155258179
42,0.05,100,291.7,372.78,6.984966039657593
42,0.05,110,307.2,266.92,8.257472038269043
42,0.05,120,237.0,209.86,9.262310028076172
42,0.05,130,181.5,184.36,10.102801084518433
42,0.05,140,132.4,165.71,10.822593212127686
42,0.05,150,158.3,232.22,11.813071250915527
42,0.05,160,189.4,500.0,13.730650901794434
1337,0.05,10,30.9,9.33,0.0765681266784668
1337,0.05,20,12.5,9.33,0.12547612190246582
1337,0.05,30,9.8,9.33,0.16969895362854004
1337,0.05,40,9.3,9.33,0.21313810348510742
1337,0.05,50,9.5,9.33,0.25676798820495605
1337,0.05,60,9.9,9.33,0.30059218406677246
1337,0.05,70,9.4,9.33,0.3437621593475342
1337,0.05,80,9.7,9.33,0.38715696334838867
1337,0.05,90,9.4,9.33,0.4305109977722168
1337,0.05,100,9.5,9.33,0.47384119033813477
1337,0.05,110,9.4,9.33,0.5169150829315186
1337,0.05,120,9.3,9.33,0.5600440502166748
1337,0.05,130,9.3,9.33,0.6031661033630371
1337,0.05,140,9.3,9.33,0.6462619304656982
1337,0.05,150,9.3,9.33,0.6891679763793945
1337,0.05,160,9.3,9.33,0.7321100234985352
1337,0.05,170,9.3,9.33,0.7750241756439209
1337,0.05,180,9.4,9.33,0.8179950714111328
1337,0.05,190,9.3,9.33,0.8609168529510498
1337,0.05,200,9.3,9.33,0.9037151336669922
1337,0.05,210,9.3,9.33,0.9466831684112549
1337,0.05,220,9.3,9.33,0.9897060394287109
1337,0.05,230,9.3,9.33,1.0325090885162354
1337,0.05,240,9.3,9.33,1.0764100551605225
1337,0.05,250,9.3,9.33,1.1201891899108887
1337,0.05,260,9.3,9.33,1.163539171218872
1337,0.05,270,9.3,9.33,1.206709861755371
1337,0.05,280,9.3,9.33,1.250014066696167
1337,0.05,290,9.3,9.33,1.2933320999145508
1337,0.05,300,9.3,9.33,1.3370709419250488
1337,0.05,310,9.3,9.33,1.3803670406341553
1337,0.05,320,9.3,9.33,1.4239890575408936
1337,0.05,330,9.3,9.33,1.4675230979919434
1337,0.05,340,9.3,9.33,1.5108792781829834
1337,0.05,350,9.3,9.33,1.554305076599121
1337,0.05,360,9.3,9.33,1.5975069999694824
1337,0.05,370,9.3,9.33,1.6409530639648438
1337,0.05,380,9.3,9.33,1.6839971542358398
1337,0.05,390,9.3,9.33,1.7271678447723389
1337,0.05,400,9.3,9.33,1.770174264907837
1337,0.05,410,9.3,9.33,1.8132200241088867
1337,0.05,420,9.3,9.33,1.8562521934509277
1337,0.05,430,9.3,9.33,1.8993451595306396
1337,0.05,440,9.3,9.33,1.942352056503296
1337,0.05,450,9.3,9.33,1.9854590892791748
1337,0.05,460,9.3,9.33,2.0285191535949707
1337,0.05,470,9.3,9.33,2.0717082023620605
1337,0.05,480,9.3,9.33,2.114827871322632
1337,0.05,490,9.3,9.33,2.157703161239624
1337,0.05,500,9.3,9.33,2.2006499767303467
2024,0.05,10,17.0,9.35,0.05127120018005371
2024,0.05,20,10.6,9.35,0.0958702564239502
2024,0.05,30,9.3,9.35,0.1392192840576172
2024,0.05,40,9.3,9.35,0.18255329132080078
2024,0.05,50,9.2,9.35,0.22566604614257812
2024,0.05,60,9.2,9.35,0.2689051628112793
2024,0.05,70,9.2,9.35,0.31173205375671387
2024,0.05,80,9.2,9.35,0.3546140193939209
2024,0.05,90,9.2,9.35,0.39736342430114746
2024,0.05,100,9.2,9.35,0.4400782585144043
2024,0.05,110,9.2,9.35,0.48281216621398926
2024,0.05,120,9.2,9.35,0.5255823135375977
2024,0.05,130,9.2,9.35,0.5681512355804443
2024,0.05,140,9.2,9.35,0.6109161376953125
2024,0.05,150,9.2,9.35,0.6536352634429932
2024,0.05,160,9.2,9.35,0.6963143348693848
2024,0.05,170,9.2,9.35,0.7390310764312744
2024,0.05,180,9.2,9.35,0.7819092273712158
2024,0.05,190,9.2,9.35,0.8247041702270508
2024,0.05,200,9.2,9.35,0.8690071105957031
2024,0.05,210,9.2,9.35,0.9131913185119629
2024,0.05,220,9.2,9.35,0.9570822715759277
2024,0.05,230,9.2,9.35,1.0007092952728271
2024,0.05,240,9.2,9.35,1.0443053245544434
2024,0.05,250,9.2,9.35,1.0878262519836426
2024,0.05,260,9.2,9.35,1.131197214126587
2024,0.05,270,9.2,9.35,1.1746962070465088
2024,0.05,280,9.2,9.35,1.2181429862976074
2024,0.05,290,9.2,9.35,1.2615611553192139
2024,0.05,300,9.2,9.35,1.304882287979126
2024,0.05,310,9.2,9.35,1.3482952117919922
2024,0.05,320,9.2,9.35,1.3916563987731934
2024,0.05,330,9.2,9.35,1.4350521564483643
2024,0.05,340,9.2,9.35,1.4786062240600586
2024,0.05,350,9.2,9.35,1.5221412181854248
2024,0.05,360,9.2,9.35,1.5656442642211914
2024,0.05,370,9.2,9.35,1.609079122543335
2024,0.05,380,9.2,9.35,1.6524543762207031
2024,0.05,390,9.2,9.35,1.6970009803771973
2024,0.05,400,9.2,9.35,1.7412140369415283
2024,0.05,410,9.2,9.35,1.785269021987915
2024,0.05,420,9.2,9.35,1.8291552066802979
2024,0.05,430,9.2,9.35,1.8727662563323975
2024,0.05,440,9.2,9.35,1.916527271270752
2024,0.05,450,9.2,9.35,1.9599392414093018
2024,0.05,460,9.2,9.35,2.003505229949951
2024,0.05,470,9.2,9.35,2.0468661785125732
2024,0.05,480,9.2,9.35,2.090325117111206
2024,0.05,490,9.2,9.35,2.1338512897491455
2024,0.05,500,9.2,9.35,2.1773293018341064
777,0.05,10,20.2,44.78,0.17653512954711914
777,0.05,20,35.3,41.54,0.3584630489349365
777,0.05,30,48.1,80.25,0.6875200271606445
777,0.05,40,62.3,110.56,1.1355631351470947
777,0.05,50,85.3,93.03,1.5528478622436523
777,0.05,60,72.3,98.6,1.973289966583252
777,0.05,70,69.6,111.82,2.437185049057007
777,0.05,80,103.1,336.75,3.7237560749053955
777,0.05,90,132.8,319.25,4.967386245727539
777,0.05,100,235.9,424.27,6.700524091720581
777,0.05,110,302.9,494.59,8.741311073303223
999,0.05,10,23.8,118.4,0.44558095932006836
999,0.05,20,67.6,250.58,1.3709700107574463
999,0.05,30,137.5,108.45,1.8968050479888916
999,0.05,40,87.0,389.54,3.3280160427093506
999,0.05,50,346.9,500.0,5.452124118804932
42,0.01,10,18.2,33.51,0.14877986907958984
42,0.01,20,25.4,36.39,0.3045320510864258
42,0.01,30,28.7,40.77,0.47802114486694336
42,0.01,40,35.3,62.32,0.731597900390625
42,0.01,50,42.4,81.09,1.056014060974121
42,0.01,60,38.2,76.35,1.3655080795288086
42,0.01,70,54.1,94.76,1.7524809837341309
42,0.01,80,61.6,120.51,2.236081123352051
42,0.01,90,53.3,112.28,2.678165912628174
42,0.01,100,58.6,81.58,3.023705005645752
42,0.01,110,67.2,80.05,3.3932199478149414
42,0.01,120,71.8,89.43,3.776705026626587
42,0.01,130,53.2,89.23,4.139019012451172
42,0.01,140,87.2,92.55,4.554863929748535
42,0.01,150,86.9,94.07,4.9791741371154785
42,0.01,160,72.7,102.85,5.416130065917969
42,0.01,170,86.1,138.19,5.983381986618042
42,0.01,180,106.3,202.21,6.794335842132568
42,0.01,190,145.0,312.55,8.059944152832031
42,0.01,200,191.8,426.82,9.799371004104614
42,0.01,210,230.6,497.75,11.783053874969482
1337,0.01,10,30.9,9.33,0.07897210121154785
1337,0.01,20,20.6,10.46,0.14265012741088867
1337,0.01,30,29.3,16.98,0.23673105239868164
1337,0.01,40,24.8,29.61,0.36972522735595703
1337,0.01,50,35.9,62.31,0.6308751106262207
1337,0.01,60,31.0,235.76,1.486842155456543
1337,0.01,70,45.3,152.87,2.0711021423339844
1337,0.01,80,42.1,86.32,2.4153730869293213
1337,0.01,90,46.2,87.39,2.7761142253875732
1337,0.01,100,53.7,96.66,3.1697399616241455
1337,0.01,110,54.8,110.38,3.6209352016448975
1337,0.01,120,63.3,133.2,4.15811014175415
1337,0.01,130,68.7,163.46,4.862332105636597
1337,0.01,140,68.9,274.98,5.950922966003418
1337,0.01,150,97.6,352.43,7.298540115356445
1337,0.01,160,79.3,214.66,8.13091516494751
1337,0.01,170,123.7,233.2,9.085493087768555
1337,0.01,180,109.4,314.59,10.27720594406128
1337,0.01,190,113.2,477.81,12.072052955627441
2024,0.01,10,17.0,9.35,0.05828595161437988
2024,0.01,20,14.7,9.35,0.11092019081115723
2024,0.01,30,17.4,9.35,0.16539788246154785
2024,0.01,40,13.5,9.35,0.21663498878479004
2024,0.01,50,16.7,9.35,0.2702820301055908
2024,0.01,60,13.7,9.76,0.32222723960876465
2024,0.01,70,15.8,12.01,0.3867361545562744
2024,0.01,80,18.5,15.38,0.4640622138977051
2024,0.01,90,21.1,22.75,0.5692059993743896
2024,0.01,100,30.3,45.29,0.8048601150512695
2024,0.01,110,25.5,69.15,1.077280044555664
2024,0.01,120,47.8,70.97,1.3774299621582031
2024,0.01,130,56.7,62.73,1.6613080501556396
2024,0.01,140,58.1,68.58,1.966353178024292
2024,0.01,150,48.2,64.78,2.24495005607605
2024,0.01,160,50.9,69.65,2.5424680709838867
2024,0.01,170,66.5,80.85,2.8999829292297363
2024,0.01,180,59.8,121.79,3.390192985534668
2024,0.01,190,56.6,122.63,3.8686959743499756
2024,0.01,200,71.4,105.14,4.304576873779297
2024,0.01,210,58.8,92.63,4.681862115859985
2024,0.01,220,55.8,108.56,5.1180009841918945
2024,0.01,230,63.5,202.93,5.8824450969696045
2024,0.01,240,125.9,308.24,7.092970132827759
2024,0.01,250,127.0,246.75,8.066703081130981
2024,0.01,260,143.2,229.46,9.004201173782349
2024,0.01,270,124.9,212.3,9.91013216972351
2024,0.01,280,92.6,277.09,11.018455028533936
2024,0.01,290,128.4,343.21,12.363631963729858
2024,0.01,300,145.1,426.25,14.050636053085327
2024,0.01,310,166.0,463.67,15.858052015304565
2024,0.01,320,162.3,472.36,17.679644107818604
2024,0.01,330,155.2,499.95,19.590078115463257
777,0.01,10,20.2,87.16,0.325347900390625
777,0.01,20,23.7,58.28,0.5504260063171387
777,0.01,30,30.1,83.52,0.8733170032501221
777,0.01,40,61.2,74.06,1.1991958618164062
777,0.01,50,39.1,65.06,1.4686129093170166
777,0.01,60,46.2,81.09,1.799556016921997
777,0.01,70,59.0,115.18,2.2610418796539307
777,0.01,80,49.9,236.26,3.1235060691833496
777,0.01,90,65.3,107.91,3.5659940242767334
777,0.01,100,67.0,88.83,3.947690963745117
777,0.01,110,71.2,99.35,4.36918306350708
777,0.01,120,46.1,116.56,4.83559513092041
777,0.01,130,70.7,230.87,5.705009937286377
777,0.01,140,73.0,324.08,6.876487970352173
777,0.01,150,97.8,182.47,7.60233998298645
777,0.01,160,123.8,191.18,8.384895086288452
777,0.01,170,107.5,250.15,9.376726865768433
777,0.01,180,120.4,428.42,10.972563982009888
777,0.01,190,204.0,500.0,12.905020952224731
999,0.01,10,23.8,23.02,0.11535787582397461
999,0.01,20,37.3,74.5,0.414064884185791
999,0.01,30,26.3,180.24,1.0572328567504883
999,0.01,40,45.4,76.08,1.3697469234466553
999,0.01,50,44.5,64.44,1.6394057273864746
999,0.01,60,36.1,43.85,1.868501901626587
999,0.01,70,34.2,45.46,2.0615599155426025
999,0.01,80,59.3,58.79,2.3269577026367188
999,0.01,90,63.1,78.04,2.663648843765259
999,0.01,100,80.7,103.32,3.1029298305511475
999,0.01,110,50.0,219.14,3.8958966732025146
999,0.01,120,79.9,93.97,4.3027520179748535
999,0.01,130,80.3,83.93,4.677670955657959
999,0.01,140,50.5,69.14,4.992937803268433
999,0.01,150,73.9,72.4,5.320868730545044
999,0.01,160,59.2,83.07,5.678202867507935
999,0.01,170,63.9,103.61,6.105850696563721
999,0.01,180,91.4,144.95,6.693465709686279
999,0.01,190,140.5,200.43,7.525348901748657
999,0.01,200,162.3,320.41,8.801331996917725
999,0.01,210,224.9,467.71,10.655021667480469
999,0.01,220,283.1,497.85,12.723793745040894
42,0.005,10,18.2,9.74,0.07009506225585938
42,0.005,20,26.2,20.34,0.17174482345581055
42,0.005,30,23.0,48.57,0.3654189109802246
42,0.005,40,22.2,58.89,0.5929989814758301
42,0.005,50,30.6,57.34,0.8235769271850586
42,0.005,60,28.3,59.51,1.0588130950927734
42,0.005,70,39.3,73.67,1.3573930263519287
42,0.005,80,37.6,73.49,1.6537439823150635
42,0.005,90,37.8,66.34,1.9254429340362549
42,0.005,100,54.5,68.92,2.2593188285827637
42,0.005,110,49.6,73.57,2.5662360191345215
42,0.005,120,52.7,88.13,2.924556016921997
42,0.005,130,34.3,102.03,3.309814929962158
42,0.005,140,54.8,117.08,3.7990591526031494
42,0.005,150,53.9,131.16,4.3081159591674805
42,0.005,160,37.1,140.75,4.8272340297698975
42,0.005,170,65.0,142.29,5.3766679763793945
42,0.005,180,60.9,144.05,5.930670976638794
42,0.005,190,66.2,165.49,6.5623557567596436
42,0.005,200,60.0,176.87,7.229851007461548
42,0.005,210,74.7,190.25,8.02537989616394
42,0.005,220,113.8,222.61,8.968399047851562
42,0.005,230,76.0,259.59,9.977992057800293
42,0.005,240,106.6,267.06,11.068511962890625
42,0.005,250,126.0,274.38,12.193885803222656
42,0.005,260,115.8,273.85,13.26491403579712
42,0.005,270,164.1,284.48,14.438944816589355
42,0.005,280,172.8,276.23,15.585478067398071
42,0.005,290,122.4,262.91,16.67872977256775
42,0.005,300,145.6,260.08,17.732391119003296
42,0.005,310,88.9,264.59,18.79797101020813
42,0.005,320,171.5,277.18,19.956008195877075
42,0.005,330,197.9,328.19,21.344690084457397
42,0.005,340,187.0,341.88,22.743229866027832
42,0.005,350,250.3,348.78,24.24889588356018
42,0.005,360,230.0,381.61,25.82667589187622
42,0.005,370,226.2,353.81,27.336770057678223
42,0.005,380,232.6,307.35,28.64690089225769
42,0.005,390,229.0,307.45,29.961050033569336
42,0.005,400,224.2,289.47,31.218339920043945
42,0.005,410,242.0,274.27,32.43576383590698
42,0.005,420,221.5,242.69,33.526342153549194
42,0.005,430,201.9,242.71,34.58681297302246
42,0.005,440,216.1,259.53,35.74691605567932
42,0.005,450,203.8,286.75,36.95039892196655
42,0.005,460,271.9,325.13,38.40019702911377
42,0.005,470,259.8,380.45,39.98610591888428
42,0.005,480,255.2,416.21,41.70810580253601
42,0.005,490,206.4,423.11,43.3900249004364
42,0.005,500,265.5,433.3,45.17398381233215
1337,0.005,10,30.9,9.33,0.08126592636108398
1337,0.005,20,21.3,9.33,0.14078307151794434
1337,0.005,30,23.5,13.01,0.21411895751953125
1337,0.005,40,20.8,18.29,0.30233287811279297
1337,0.005,50,18.4,21.21,0.39782190322875977
1337,0.005,60,25.7,22.93,0.5067470073699951
1337,0.005,70,25.5,25.28,0.6240561008453369
1337,0.005,80,33.5,30.7,0.7689168453216553
1337,0.005,90,37.5,42.21,0.9579629898071289
1337,0.005,100,34.6,55.8,1.1902210712432861
1337,0.005,110,47.3,92.35,1.5593488216400146
1337,0.005,120,66.5,116.03,2.0328917503356934
1337,0.005,130,55.7,326.72,3.2200241088867188
1337,0.005,140,58.0,139.63,3.7644829750061035
1337,0.005,150,44.0,133.8,4.271558046340942
1337,0.005,160,42.6,112.68,4.7031378746032715
1337,0.005,170,49.8,75.56,5.02997899055481
1337,0.005,180,47.5,86.69,5.3818678855896
1337,0.005,190,67.7,117.62,5.88393497467041
1337,0.005,200,48.1,140.85,6.410315990447998
1337,0.005,210,74.6,146.67,6.9833290576934814
1337,0.005,220,65.9,248.59,7.892256021499634
1337,0.005,230,66.8,335.92,9.089554786682129
1337,0.005,240,95.0,374.39,10.473932027816772
1337,0.005,250,67.7,352.79,11.749502897262573
1337,0.005,260,54.4,267.3,12.718837022781372
1337,0.005,270,100.7,235.53,13.711498975753784
1337,0.005,280,94.0,214.35,14.606492757797241
1337,0.005,290,89.6,239.04,15.52487587928772
1337,0.005,300,86.4,267.8,16.540344953536987
1337,0.005,310,106.5,424.89,18.105437994003296
1337,0.005,320,122.5,495.38,19.998931884765625
2024,0.005,10,17.0,9.35,0.05829787254333496
2024,0.005,20,22.4,9.35,0.11689090728759766
2024,0.005,30,20.8,9.4,0.19323396682739258
2024,0.005,40,17.5,13.89,0.26506495475769043
2024,0.005,50,19.6,57.23,0.4848670959472656
2024,0.005,60,26.6,42.23,0.6612899303436279
2024,0.005,70,32.2,28.11,0.795342206954956
2024,0.005,80,24.5,27.33,0.9200780391693115
2024,0.005,90,30.4,28.25,1.051800012588501
2024,0.005,100,23.5,34.15,1.1972501277923584
2024,0.005,110,30.6,42.79,1.378542184829712
2024,0.005,120,37.4,50.88,1.5946218967437744
2024,0.005,130,50.4,63.85,1.8696620464324951
2024,0.005,140,46.3,78.9,2.2155439853668213
2024,0.005,150,55.9,91.24,2.5883259773254395
2024,0.005,160,45.0,138.17,3.106400966644287
2024,0.005,170,45.7,104.28,3.5145249366760254
2024,0.005,180,50.7,90.1,3.8760478496551514
2024,0.005,190,47.8,96.6,4.25569486618042
2024,0.005,200,45.5,116.87,4.701333999633789
2024,0.005,210,46.2,138.84,5.219381093978882
2024,0.005,220,69.5,168.34,5.865170001983643
2024,0.005,230,55.8,217.01,6.657973051071167
2024,0.005,240,74.7,350.93,7.922575950622559
2024,0.005,250,83.1,285.53,8.999422073364258
2024,0.005,260,72.1,283.57,10.07117486000061
2024,0.005,270,108.2,319.89,11.265492916107178
2024,0.005,280,118.9,387.94,12.699073076248169
2024,0.005,290,131.6,466.33,14.407121896743774
2024,0.005,300,88.9,498.35,16.22795081138611
777,0.005,10,20.2,53.44,0.21141886711120605
777,0.005,20,22.3,62.15,0.44925999641418457
777,0.005,30,23.8,86.74,0.7692749500274658
777,0.005,40,39.1,73.95,1.0632131099700928
777,0.005,50,32.7,69.36,1.3773918151855469
777,0.005,60,26.7,70.37,1.652038812637329
777,0.005,70,36.4,84.04,1.976261854171753
777,0.005,80,46.0,74.28,2.277709722518921
777,0.005,90,36.3,77.2,2.602033853530884
777,0.005,100,35.9,87.84,2.945413827896118
777,0.005,110,44.3,98.29,3.331610918045044
777,0.005,120,56.7,149.23,3.903939723968506
777,0.005,130,47.1,256.31,4.831996917724609
777,0.005,140,56.2,174.18,5.505905866622925
777,0.005,150,42.7,115.26,5.948440074920654
777,0.005,160,63.3,145.14,6.551810026168823
777,0.005,170,50.2,176.22,7.202223777770996
777,0.005,180,41.3,171.26,7.8262128829956055
777,0.005,190,61.6,188.15,8.52980089187622
777,0.005,200,65.4,246.06,9.448851823806763
777,0.005,210,87.4,327.04,10.6720449924469
777,0.005,220,65.1,354.41,11.967399835586548
777,0.005,230,92.7,324.81,13.162348985671997
777,0.005,240,80.6,282.65,14.22282075881958
777,0.005,250,83.8,236.68,15.120017766952515
777,0.005,260,116.1,281.69,16.20036292076111
777,0.005,270,114.2,477.74,17.97961401939392
999,0.005,10,23.8,15.57,0.08615994453430176
999,0.005,20,33.0,23.72,0.20705199241638184
999,0.005,30,18.2,35.14,0.34850597381591797
999,0.005,40,28.8,65.13,0.6231441497802734
999,0.005,50,47.3,92.2,0.9862630367279053
999,0.005,60,36.0,161.75,1.5729451179504395
999,0.005,70,50.8,85.03,1.9164600372314453
999,0.005,80,40.4,75.39,2.2154040336608887
999,0.005,90,51.8,78.66,2.5379769802093506
999,0.005,100,54.9,78.4,2.863067150115967
999,0.005,110,36.8,79.11,3.174159049987793
999,0.005,120,50.0,83.92,3.5435538291931152
999,0.005,130,50.6,91.91,3.9174628257751465
999,0.005,140,54.6,118.61,4.381498098373413
999,0.005,150,69.8,243.3,5.276994943618774
999,0.005,160,57.5,243.87,6.170942068099976
999,0.005,170,78.0,135.63,6.722571849822998
999,0.005,180,80.8,116.94,7.214152097702026
999,0.005,190,93.1,113.4,7.705303907394409
999,0.005,200,83.3,121.86,8.216471910476685
999,0.005,210,85.6,134.86,8.773658037185669
999,0.005,220,89.4,178.0,9.47865104675293
999,0.005,230,116.3,249.86,10.45744800567627
999,0.005,240,107.9,397.77,11.925441980361938
999,0.005,250,147.5,431.32,13.571444988250732
999,0.005,260,174.8,317.17,14.931289911270142
999,0.005,270,194.1,268.58,16.15062117576599
999,0.005,280,226.2,284.7,17.458305835723877
999,0.005,290,176.6,321.26,18.78984308242798
999,0.005,300,198.9,365.46,20.268239974975586
999,0.005,310,232.4,426.17,21.995373010635376
999,0.005,320,187.4,447.76,23.734230995178223
999,0.005,330,264.2,489.77,25.760699033737183
42,0.001,10,18.2,9.33,0.06420612335205078
42,0.001,20,19.1,9.33,0.1202402114868164
42,0.001,30,17.6,9.33,0.1752011775970459
42,0.001,40,16.2,9.33,0.2276620864868164
42,0.001,50,19.2,9.33,0.2828810214996338
42,0.001,60,28.9,9.33,0.3486483097076416
42,0.001,70,19.1,9.38,0.40372514724731445
42,0.001,80,22.8,9.81,0.4644453525543213
42,0.001,90,21.8,10.62,0.5267210006713867
42,0.001,100,17.4,11.5,0.587299108505249
42,0.001,110,25.8,12.56,0.6605932712554932
42,0.001,120,27.7,14.73,0.7434720993041992
42,0.001,130,20.8,15.08,0.8202171325683594
42,0.001,140,25.6,18.39,0.91304612159729
42,0.001,150,22.9,20.39,1.0096161365509033
42,0.001,160,27.2,21.76,1.1160531044006348
42,0.001,170,28.5,25.86,1.2380669116973877
42,0.001,180,28.3,33.8,1.3869099617004395
42,0.001,190,32.0,39.81,1.5593931674957275
42,0.001,200,36.2,45.69,1.7562129497528076
42,0.001,210,33.1,53.14,1.9746649265289307
42,0.001,220,23.0,64.52,2.22123122215271
42,0.001,230,30.4,67.86,2.4865221977233887
42,0.001,240,38.0,69.49,2.7655770778656006
42,0.001,250,38.8,73.84,3.0609002113342285
42,0.001,260,26.6,78.6,3.3574740886688232
42,0.001,270,37.8,80.78,3.6761012077331543
42,0.001,280,28.1,84.53,3.993617296218872
42,0.001,290,33.1,86.15,4.320488214492798
42,0.001,300,27.7,94.54,4.671285152435303
42,0.001,310,31.8,94.61,5.026001214981079
42,0.001,320,29.3,95.24,5.383936166763306
42,0.001,330,29.2,97.08,5.749632120132446
42,0.001,340,29.9,97.31,6.117507219314575
42,0.001,350,28.6,97.35,6.482449293136597
42,0.001,360,45.4,97.79,6.865067005157471
42,0.001,370,47.8,101.29,7.262786149978638
42,0.001,380,33.9,105.62,7.667425155639648
42,0.001,390,33.4,102.4,8.055715084075928
42,0.001,400,25.7,100.19,8.449201107025146
42,0.001,410,42.4,100.52,8.839234113693237
42,0.001,420,48.4,91.33,9.207525253295898
42,0.001,430,47.6,89.42,9.61005711555481
42,0.001,440,47.4,84.26,9.951679944992065
42,0.001,450,56.2,83.18,10.300019979476929
42,0.001,460,39.8,83.69,10.633262157440186
42,0.001,470,42.7,84.63,10.97219204902649
42,0.001,480,45.3,83.83,11.334817171096802
42,0.001,490,42.3,82.62,11.677427053451538
42,0.001,500,46.9,79.91,12.004357099533081
1337,0.001,10,30.9,9.33,0.0726470947265625
1337,0.001,20,26.3,9.33,0.13884401321411133
1337,0.001,30,23.9,11.86,0.20983409881591797
1337,0.001,40,20.2,16.35,0.29227185249328613
1337,0.001,50,35.9,19.11,0.4028940200805664
1337,0.001,60,35.9,22.07,0.5206549167633057
1337,0.001,70,20.3,23.87,0.6264159679412842
1337,0.001,80,29.9,26.77,0.7511739730834961
1337,0.001,90,18.9,30.17,0.8761370182037354
1337,0.001,100,25.9,33.77,1.0213818550109863
1337,0.001,110,25.2,36.7,1.1779470443725586
1337,0.001,120,26.2,39.29,1.346837043762207
1337,0.001,130,25.3,41.27,1.5209710597991943
1337,0.001,140,30.3,44.26,1.7091331481933594
1337,0.001,150,30.4,46.17,1.901209831237793
1337,0.001,160,39.9,49.38,2.115840196609497
1337,0.001,170,35.8,55.34,2.3478169441223145
1337,0.001,180,23.1,61.38,2.586652994155884
1337,0.001,190,28.9,70.13,2.860675096511841
1337,0.001,200,29.2,82.96,3.1793410778045654
1337,0.001,210,37.1,95.78,3.549635887145996
1337,0.001,220,35.0,105.44,3.9498791694641113
1337,0.001,230,30.5,116.51,4.382616996765137
1337,0.001,240,26.0,130.06,4.857550859451294
1337,0.001,250,35.4,161.86,5.4451000690460205
1337,0.001,260,39.6,192.67,6.149003028869629
1337,0.001,270,33.7,237.91,7.013347864151001
1337,0.001,280,31.9,253.81,7.917594909667969
1337,0.001,290,41.0,266.83,8.873505115509033
1337,0.001,300,28.8,315.38,9.974081039428711
1337,0.001,310,32.3,345.76,11.175320148468018
1337,0.001,320,39.4,349.73,12.405933141708374
1337,0.001,330,42.5,349.66,13.639847040176392
1337,0.001,340,24.4,349.52,14.865587949752808
1337,0.001,350,45.1,349.75,16.101505041122437
1337,0.001,360,49.0,349.71,17.3578839302063
1337,0.001,370,40.5,345.83,18.614469051361084
1337,0.001,380,39.8,327.34,19.86185097694397
1337,0.001,390,38.2,307.28,20.95361018180847
1337,0.001,400,49.8,276.76,21.955435037612915
1337,0.001,410,62.3,264.35,22.934221982955933
1337,0.001,420,31.9,248.17,23.82300305366516
1337,0.001,430,46.0,252.11,24.733119010925293
1337,0.001,440,44.1,253.07,25.64381694793701
1337,0.001,450,39.6,265.8,26.621479034423828
1337,0.001,460,44.8,274.13,27.609443187713623
1337,0.001,470,38.6,266.91,28.556963205337524
1337,0.001,480,52.2,258.51,29.48514485359192
1337,0.001,490,49.5,250.64,30.38358211517334
1337,0.001,500,60.2,217.13,31.18105912208557
2024,0.001,10,17.0,9.35,0.05376291275024414
2024,0.001,20,30.1,9.35,0.12029004096984863
2024,0.001,30,18.7,9.35,0.174285888671875
2024,0.001,40,17.6,9.35,0.2269291877746582
2024,0.001,50,16.2,9.35,0.27791881561279297
2024,0.001,60,29.7,9.35,0.343325138092041
2024,0.001,70,19.1,9.47,0.39803004264831543
2024,0.001,80,22.8,9.87,0.4579639434814453
2024,0.001,90,22.7,10.81,0.5206520557403564
2024,0.001,100,17.2,12.41,0.5830020904541016
2024,0.001,110,19.8,14.56,0.6552610397338867
2024,0.001,120,18.8,17.66,0.7369420528411865
2024,0.001,130,24.6,21.47,0.8374440670013428
2024,0.001,140,24.6,24.48,0.9484579563140869
2024,0.001,150,30.3,27.37,1.0749311447143555
2024,0.001,160,23.6,27.92,1.1962699890136719
2024,0.001,170,20.9,29.32,1.3191640377044678
2024,0.001,180,23.7,29.94,1.4469401836395264
2024,0.001,190,30.2,31.06,1.585597038269043
2024,0.001,200,26.1,32.77,1.7261631488800049
2024,0.001,210,21.7,33.93,1.8653590679168701
2024,0.001,220,30.8,34.38,2.016118049621582
2024,0.001,230,29.7,35.57,2.16919207572937
2024,0.001,240,26.9,37.29,2.325212001800537
2024,0.001,250,22.8,38.5,2.483656167984009
2024,0.001,260,22.9,39.7,2.6458358764648438
2024,0.001,270,21.1,40.03,2.8070719242095947
2024,0.001,280,22.0,40.77,2.9700331687927246
2024,0.001,290,29.5,45.32,3.1848721504211426
2024,0.001,300,29.8,50.23,3.3960649967193604
2024,0.001,310,32.4,55.8,3.627913236618042
2024,0.001,320,32.1,62.42,3.876938819885254
2024,0.001,330,37.5,74.24,4.1743409633636475
2024,0.001,340,37.4,82.56,4.5011701583862305
2024,0.001,350,28.6,102.03,4.881713151931763
2024,0.001,360,26.9,125.79,5.344197988510132
2024,0.001,370,25.4,158.31,5.912945985794067
2024,0.001,380,37.3,156.38,6.481353998184204
2024,0.001,390,36.0,158.0,7.0897791385650635
2024,0.001,400,35.9,152.97,7.662571907043457
2024,0.001,410,31.3,155.38,8.234732866287231
2024,0.001,420,38.2,157.78,8.810565948486328
2024,0.001,430,30.5,160.04,9.400353908538818
2024,0.001,440,27.3,160.99,10.04257607460022
2024,0.001,450,27.5,154.03,10.663841962814331
2024,0.001,460,46.9,159.18,11.268370151519775
2024,0.001,470,34.2,154.01,11.837833881378174
2024,0.001,480,31.8,146.94,12.379897117614746
2024,0.001,490,37.4,132.4,12.876944065093994
2024,0.001,500,26.4,128.09,13.342034101486206
777,0.001,10,20.2,15.99,0.07912707328796387
777,0.001,20,22.3,26.16,0.19331717491149902
777,0.001,30,18.6,27.18,0.3074381351470947
777,0.001,40,16.1,29.41,0.42566823959350586
777,0.001,50,24.2,29.32,0.5529379844665527
777,0.001,60,20.2,29.16,0.6758921146392822
777,0.001,70,29.8,30.2,0.8119802474975586
777,0.001,80,25.5,31.26,0.9471011161804199
777,0.001,90,22.7,32.96,1.0852749347686768
777,0.001,100,28.9,35.34,1.237654209136963
777,0.001,110,23.2,39.17,1.3969841003417969
777,0.001,120,32.9,43.72,1.5836970806121826
777,0.001,130,27.0,46.67,1.7802560329437256
777,0.001,140,33.0,49.76,2.0223302841186523
777,0.001,150,36.5,52.6,2.2493371963500977
777,0.001,160,34.7,54.79,2.4876561164855957
777,0.001,170,24.8,64.36,2.741082191467285
777,0.001,180,27.1,67.38,3.005197048187256
777,0.001,190,25.9,68.33,3.2711660861968994
777,0.001,200,25.8,72.66,3.552075147628784
777,0.001,210,31.2,81.57,3.864833116531372
777,0.001,220,36.1,84.83,4.227711200714111
777,0.001,230,29.7,89.56,4.571498155593872
777,0.001,240,41.4,91.01,4.960001230239868
777,0.001,250,28.0,102.69,5.355560064315796
777,0.001,260,33.2,111.87,5.81684422492981
777,0.001,270,30.6,118.71,6.299731016159058
777,0.001,280,37.0,111.23,6.748727083206177
777,0.001,290,33.5,109.26,7.156799077987671
777,0.001,300,40.6,110.86,7.586684942245483
777,0.001,310,31.2,114.98,8.020294904708862
777,0.001,320,28.9,113.93,8.491674184799194
777,0.001,330,33.3,119.38,8.94700813293457
777,0.001,340,36.6,119.95,9.408607006072998
777,0.001,350,30.9,122.45,9.871361017227173
777,0.001,360,34.6,125.13,10.34753704071045
777,0.001,370,48.6,127.02,10.831668138504028
777,0.001,380,35.7,128.64,11.305240154266357
777,0.001,390,33.8,126.26,11.819423198699951
777,0.001,400,40.2,132.93,12.3213472366333
777,0.001,410,35.6,138.84,12.836918115615845
777,0.001,420,38.7,140.86,13.359541177749634
777,0.001,430,47.4,141.12,13.896452188491821
777,0.001,440,45.3,143.92,14.437719106674194
777,0.001,450,62.2,150.47,15.035034894943237
777,0.001,460,59.1,149.64,15.60494327545166
777,0.001,470,35.2,148.29,16.172199010849
777,0.001,480,51.2,149.56,16.755486011505127
777,0.001,490,50.8,152.41,17.33582592010498
777,0.001,500,54.7,155.32,17.961907148361206
999,0.001,10,23.8,10.71,0.06705403327941895
999,0.001,20,26.0,11.5,0.13768291473388672
999,0.001,30,17.7,12.39,0.20175576210021973
999,0.001,40,16.1,13.11,0.2662239074707031
999,0.001,50,18.6,13.54,0.3350808620452881
999,0.001,60,29.2,14.52,0.4188117980957031
999,0.001,70,20.0,15.85,0.49728894233703613
999,0.001,80,23.3,16.38,0.5809879302978516
999,0.001,90,31.0,17.16,0.6756610870361328
999,0.001,100,28.0,18.47,0.7714600563049316
999,0.001,110,32.4,20.13,0.878180980682373
999,0.001,120,25.7,21.86,0.9835069179534912
999,0.001,130,25.4,23.06,1.0924749374389648
999,0.001,140,30.6,24.2,1.2105448246002197
999,0.001,150,26.1,25.72,1.3290958404541016
999,0.001,160,30.8,27.43,1.4581708908081055
999,0.001,170,29.9,29.43,1.5938780307769775
999,0.001,180,35.8,32.25,1.7483940124511719
999,0.001,190,33.3,35.76,1.915884017944336
999,0.001,200,31.4,39.71,2.089406967163086
999,0.001,210,26.9,43.18,2.2690589427948
999,0.001,220,34.8,47.65,2.4717650413513184
999,0.001,230,34.6,54.77,2.6984798908233643
999,0.001,240,30.3,62.58,2.9463138580322266
999,0.001,250,40.2,73.92,3.2440030574798584
999,0.001,260,54.5,75.87,3.564565896987915
999,0.001,270,27.4,74.85,3.862959861755371
999,0.001,280,45.6,74.79,4.177443027496338
999,0.001,290,41.7,73.04,4.485653877258301
999,0.001,300,39.6,73.52,4.816473007202148
999,0.001,310,34.4,74.54,5.109527111053467
999,0.001,320,43.1,95.46,5.499216794967651
999,0.001,330,48.0,119.5,5.971556186676025
999,0.001,340,44.8,160.75,6.5829198360443115
999,0.001,350,38.4,181.54,7.282895088195801
999,0.001,360,40.5,191.06,7.982506990432739
999,0.001,370,41.3,201.35,8.71983003616333
999,0.001,380,40.0,215.22,9.497268915176392
999,0.001,390,47.0,213.85,10.300425052642822
999,0.001,400,69.2,218.36,11.129966020584106
999,0.001,410,65.9,229.57,11.98695182800293
999,0.001,420,47.2,231.71,12.826766014099121
999,0.001,430,48.5,230.74,13.65360689163208
999,0.001,440,57.2,233.98,14.57303500175476
999,0.001,450,52.0,221.99,15.38777494430542
999,0.001,460,59.6,214.74,16.184598922729492
999,0.001,470,63.4,206.68,16.952558994293213
999,0.001,480,55.8,193.38,17.678138971328735
999,0.001,490,53.0,176.58,18.344358921051025
999,0.001,500,58.4,177.87,19.01552414894104
