seed,lr,global_episode,total_steps,train_mean_reward,eval_mean_reward,time_seconds
100,1.0,10,118,11.8,19.42,0.15697002410888672
100,1.0,20,306,18.8,9.28,0.24885797500610352
100,1.0,30,401,9.5,9.28,0.3262929916381836
100,1.0,40,496,9.5,9.28,0.4015929698944092
100,1.0,50,591,9.5,9.28,0.4757730960845947
100,1.0,60,686,9.5,9.28,0.5500850677490234
100,1.0,70,781,9.5,9.28,0.6235599517822266
100,1.0,80,876,9.5,9.28,0.697066068649292
100,1.0,90,971,9.5,9.28,0.7706220149993896
100,1.0,100,1066,9.5,9.28,0.8440101146697998
100,1.0,110,1161,9.5,9.28,0.9173779487609863
100,1.0,120,1256,9.5,9.28,0.9906489849090576
100,1.0,130,1351,9.5,9.28,1.0637741088867188
100,1.0,140,1446,9.5,9.28,1.136815071105957
100,1.0,150,1541,9.5,9.28,1.209911823272705
100,1.0,160,1636,9.5,9.28,1.282754898071289
100,1.0,170,1731,9.5,9.28,1.3560059070587158
100,1.0,180,1826,9.5,9.28,1.4290030002593994
100,1.0,190,1921,9.5,9.28,1.501993179321289
100,1.0,200,2016,9.5,9.28,1.5748538970947266
100,1.0,210,2111,9.5,9.28,1.6478359699249268
100,1.0,220,2206,9.5,9.28,1.7206599712371826
100,1.0,230,2301,9.5,9.28,1.793416976928711
100,1.0,240,2396,9.5,9.28,1.8663718700408936
100,1.0,250,2491,9.5,9.28,1.9393081665039062
100,1.0,260,2586,9.5,9.28,2.012139081954956
100,1.0,270,2681,9.5,9.28,2.0846309661865234
100,1.0,280,2776,9.5,9.28,2.1575069427490234
100,1.0,290,2871,9.5,9.28,2.230201005935669
100,1.0,300,2966,9.5,9.28,2.302938938140869
100,1.0,310,3061,9.5,9.28,2.3757500648498535
100,1.0,320,3156,9.5,9.28,2.449726104736328
100,1.0,330,3251,9.5,9.28,2.5231802463531494
100,1.0,340,3346,9.5,9.28,2.596036911010742
100,1.0,350,3441,9.5,9.28,2.6689341068267822
100,1.0,360,3536,9.5,9.28,2.7416999340057373
100,1.0,370,3631,9.5,9.28,2.814516067504883
100,1.0,380,3726,9.5,9.28,2.887017011642456
100,1.0,390,3821,9.5,9.28,2.9595401287078857
100,1.0,400,3916,9.5,9.28,3.0322070121765137
100,1.0,410,4011,9.5,9.28,3.10477614402771
100,1.0,420,4106,9.5,9.28,3.1773369312286377
100,1.0,430,4201,9.5,9.28,3.249912977218628
100,1.0,440,4296,9.5,9.28,3.322559118270874
100,1.0,450,4391,9.5,9.28,3.3954110145568848
100,1.0,460,4486,9.5,9.28,3.468163013458252
100,1.0,470,4581,9.5,9.28,3.541123867034912
100,1.0,480,4676,9.5,9.28,3.613863945007324
100,1.0,490,4771,9.5,9.28,3.686689853668213
100,1.0,500,4866,9.5,9.28,3.7593600749969482
200,1.0,10,188,18.8,9.28,0.09340524673461914
200,1.0,20,283,9.5,9.28,0.16797709465026855
200,1.0,30,378,9.5,9.28,0.24114608764648438
200,1.0,40,473,9.5,9.28,0.31351327896118164
200,1.0,50,568,9.5,9.28,0.3859109878540039
200,1.0,60,663,9.5,9.28,0.45812225341796875
200,1.0,70,758,9.5,9.28,0.5302250385284424
200,1.0,80,853,9.5,9.28,0.6025781631469727
200,1.0,90,948,9.5,9.28,0.6748600006103516
200,1.0,100,1043,9.5,9.28,0.7470591068267822
200,1.0,110,1138,9.5,9.28,0.8191089630126953
200,1.0,120,1233,9.5,9.28,0.8912382125854492
200,1.0,130,1328,9.5,9.28,0.9629631042480469
200,1.0,140,1423,9.5,9.28,1.0347340106964111
200,1.0,150,1518,9.5,9.28,1.1065661907196045
200,1.0,160,1613,9.5,9.28,1.1785991191864014
200,1.0,170,1708,9.5,9.28,1.250378131866455
200,1.0,180,1803,9.5,9.28,1.3221921920776367
200,1.0,190,1898,9.5,9.28,1.393860101699829
200,1.0,200,1993,9.5,9.28,1.4656062126159668
200,1.0,210,2088,9.5,9.28,1.537330150604248
200,1.0,220,2183,9.5,9.28,1.609234094619751
200,1.0,230,2278,9.5,9.28,1.680962085723877
200,1.0,240,2373,9.5,9.28,1.7529070377349854
200,1.0,250,2468,9.5,9.28,1.8245422840118408
200,1.0,260,2563,9.5,9.28,1.8966331481933594
200,1.0,270,2658,9.5,9.28,1.9682590961456299
200,1.0,280,2753,9.5,9.28,2.0400311946868896
200,1.0,290,2848,9.5,9.28,2.1116390228271484
200,1.0,300,2943,9.5,9.28,2.183399200439453
200,1.0,310,3038,9.5,9.28,2.255063056945801
200,1.0,320,3133,9.5,9.28,2.326870918273926
200,1.0,330,3228,9.5,9.28,2.398759126663208
200,1.0,340,3323,9.5,9.28,2.4705331325531006
200,1.0,350,3418,9.5,9.28,2.5421621799468994
200,1.0,360,3513,9.5,9.28,2.614166021347046
200,1.0,370,3608,9.5,9.28,2.6859192848205566
200,1.0,380,3703,9.5,9.28,2.757779121398926
200,1.0,390,3798,9.5,9.28,2.8296029567718506
200,1.0,400,3893,9.5,9.28,2.9015631675720215
200,1.0,410,3988,9.5,9.28,2.9732940196990967
200,1.0,420,4083,9.5,9.28,3.045274019241333
200,1.0,430,4178,9.5,9.28,3.117047071456909
200,1.0,440,4273,9.5,9.28,3.189030170440674
200,1.0,450,4368,9.5,9.28,3.260895252227783
200,1.0,460,4463,9.5,9.28,3.3328680992126465
200,1.0,470,4558,9.5,9.28,3.4048280715942383
200,1.0,480,4653,9.5,9.28,3.4766829013824463
200,1.0,490,4748,9.5,9.28,3.548577070236206
200,1.0,500,4843,9.5,9.28,3.6201910972595215
300,1.0,10,177,17.7,88.47,0.5455520153045654
300,1.0,20,1355,117.8,9.28,0.895031213760376
300,1.0,30,1450,9.5,9.28,1.0109350681304932
300,1.0,40,1545,9.5,9.28,1.0869839191436768
300,1.0,50,1640,9.5,9.28,1.1598279476165771
300,1.0,60,1735,9.5,9.28,1.2325801849365234
300,1.0,70,1830,9.5,9.28,1.3047239780426025
300,1.0,80,1925,9.5,9.28,1.3767139911651611
300,1.0,90,2020,9.5,9.28,1.44834303855896
300,1.0,100,2115,9.5,9.28,1.5204479694366455
300,1.0,110,2210,9.5,9.28,1.5920991897583008
300,1.0,120,2305,9.5,9.28,1.663863182067871
300,1.0,130,2400,9.5,9.28,1.7358911037445068
300,1.0,140,2495,9.5,9.28,1.8081181049346924
300,1.0,150,2590,9.5,9.28,1.880181074142456
300,1.0,160,2685,9.5,9.28,1.9521002769470215
300,1.0,170,2780,9.5,9.28,2.0242021083831787
300,1.0,180,2875,9.5,9.28,2.0959999561309814
300,1.0,190,2970,9.5,9.28,2.1679530143737793
300,1.0,200,3065,9.5,9.28,2.2397830486297607
300,1.0,210,3160,9.5,9.28,2.3115599155426025
300,1.0,220,3255,9.5,9.28,2.3835411071777344
300,1.0,230,3350,9.5,9.28,2.455345869064331
300,1.0,240,3445,9.5,9.28,2.526956081390381
300,1.0,250,3540,9.5,9.28,2.5990238189697266
300,1.0,260,3635,9.5,9.28,2.670703172683716
300,1.0,270,3730,9.5,9.28,2.7427892684936523
300,1.0,280,3825,9.5,9.28,2.814732074737549
300,1.0,290,3920,9.5,9.28,2.8867170810699463
300,1.0,300,4015,9.5,9.28,2.958564043045044
300,1.0,310,4110,9.5,9.28,3.030406951904297
300,1.0,320,4205,9.5,9.28,3.1020901203155518
300,1.0,330,4300,9.5,9.28,3.1737070083618164
300,1.0,340,4395,9.5,9.28,3.2455010414123535
300,1.0,350,4490,9.5,9.28,3.3171441555023193
300,1.0,360,4585,9.5,9.28,3.388578176498413
300,1.0,370,4680,9.5,9.28,3.4602088928222656
300,1.0,380,4775,9.5,9.28,3.531661033630371
300,1.0,390,4870,9.5,9.28,3.6034510135650635
300,1.0,400,4965,9.5,9.28,3.675161123275757
300,1.0,410,5060,9.5,9.28,3.7471089363098145
300,1.0,420,5155,9.5,9.28,3.818876028060913
300,1.0,430,5250,9.5,9.28,3.8907320499420166
300,1.0,440,5345,9.5,9.28,3.9623491764068604
300,1.0,450,5440,9.5,9.28,4.034038066864014
300,1.0,460,5535,9.5,9.28,4.10575008392334
300,1.0,470,5630,9.5,9.28,4.177364110946655
300,1.0,480,5725,9.5,9.28,4.248897075653076
300,1.0,490,5820,9.5,9.28,4.320466995239258
300,1.0,500,5915,9.5,9.28,4.39191198348999
400,1.0,10,208,20.8,24.92,0.18511366844177246
400,1.0,20,446,23.8,10.45,0.2929069995880127
400,1.0,30,553,10.7,9.28,0.36969494819641113
400,1.0,40,648,9.5,9.28,0.4433417320251465
400,1.0,50,743,9.5,9.28,0.5167379379272461
400,1.0,60,838,9.5,9.28,0.5901448726654053
400,1.0,70,933,9.5,9.28,0.6634278297424316
400,1.0,80,1028,9.5,9.28,0.7366509437561035
400,1.0,90,1123,9.5,9.28,0.8097348213195801
400,1.0,100,1218,9.5,9.28,0.8828496932983398
400,1.0,110,1313,9.5,9.28,0.9557428359985352
400,1.0,120,1408,9.5,9.28,1.02889084815979
400,1.0,130,1503,9.5,9.28,1.1018097400665283
400,1.0,140,1598,9.5,9.28,1.1748127937316895
400,1.0,150,1693,9.5,9.28,1.2477328777313232
400,1.0,160,1788,9.5,9.28,1.320908784866333
400,1.0,170,1883,9.5,9.28,1.3938360214233398
400,1.0,180,1978,9.5,9.28,1.4673218727111816
400,1.0,190,2073,9.5,9.28,1.5403988361358643
400,1.0,200,2168,9.5,9.28,1.6134419441223145
400,1.0,210,2263,9.5,9.28,1.6864960193634033
400,1.0,220,2358,9.5,9.28,1.759866714477539
400,1.0,230,2453,9.5,9.28,1.833136796951294
400,1.0,240,2548,9.5,9.28,1.9072089195251465
400,1.0,250,2643,9.5,9.28,1.9815647602081299
400,1.0,260,2738,9.5,9.28,2.055069923400879
400,1.0,270,2833,9.5,9.28,2.1286489963531494
400,1.0,280,2928,9.5,9.28,2.2017617225646973
400,1.0,290,3023,9.5,9.28,2.3004348278045654
400,1.0,300,3118,9.5,9.28,2.379220962524414
400,1.0,310,3213,9.5,9.28,2.4768869876861572
400,1.0,320,3308,9.5,9.28,2.5570619106292725
400,1.0,330,3403,9.5,9.28,2.630340814590454
400,1.0,340,3498,9.5,9.28,2.7048418521881104
400,1.0,350,3593,9.5,9.28,2.7803797721862793
400,1.0,360,3688,9.5,9.28,2.853616714477539
400,1.0,370,3783,9.5,9.28,2.9259278774261475
400,1.0,380,3878,9.5,9.28,3.0041728019714355
400,1.0,390,3973,9.5,9.28,3.082563877105713
400,1.0,400,4068,9.5,9.28,3.163804769515991
400,1.0,410,4163,9.5,9.28,3.2442967891693115
400,1.0,420,4258,9.5,9.28,3.324970006942749
400,1.0,430,4353,9.5,9.28,3.4035558700561523
400,1.0,440,4448,9.5,9.28,3.477449893951416
400,1.0,450,4543,9.5,9.28,3.550243854522705
400,1.0,460,4638,9.5,9.28,3.6232497692108154
400,1.0,470,4733,9.5,9.28,3.6959469318389893
400,1.0,480,4828,9.5,9.28,3.76824688911438
400,1.0,490,4923,9.5,9.28,3.8404128551483154
400,1.0,500,5018,9.5,9.28,3.912576913833618
500,1.0,10,217,21.7,15.3,0.13098978996276855
500,1.0,20,354,13.7,9.41,0.21607494354248047
500,1.0,30,447,9.3,18.46,0.34988903999328613
500,1.0,40,628,18.1,71.84,0.8173387050628662
500,1.0,50,1298,67.0,54.63,1.322441816329956
500,1.0,60,1859,56.1,23.43,1.5789828300476074
500,1.0,70,2102,24.3,13.78,1.7101197242736816
500,1.0,80,2242,14.0,17.63,1.8414757251739502
500,1.0,90,2420,17.8,17.47,1.979212999343872
500,1.0,100,2597,17.7,10.01,2.0732269287109375
500,1.0,110,2700,10.3,9.28,2.1484339237213135
500,1.0,120,2795,9.5,9.28,2.2219388484954834
500,1.0,130,2890,9.5,9.28,2.295501947402954
500,1.0,140,2985,9.5,9.28,2.368762731552124
500,1.0,150,3080,9.5,9.28,2.441929817199707
500,1.0,160,3175,9.5,9.28,2.5148658752441406
500,1.0,170,3270,9.5,9.28,2.587941884994507
500,1.0,180,3365,9.5,9.28,2.661221742630005
500,1.0,190,3460,9.5,9.28,2.734428882598877
500,1.0,200,3555,9.5,9.28,2.807630777359009
500,1.0,210,3650,9.5,9.28,2.8807899951934814
500,1.0,220,3745,9.5,9.28,2.953864812850952
500,1.0,230,3840,9.5,9.28,3.0269477367401123
500,1.0,240,3935,9.5,9.28,3.10011887550354
500,1.0,250,4030,9.5,9.28,3.1733250617980957
500,1.0,260,4125,9.5,9.28,3.2463278770446777
500,1.0,270,4220,9.5,9.28,3.319302797317505
500,1.0,280,4315,9.5,9.28,3.392376661300659
500,1.0,290,4410,9.5,9.28,3.465331792831421
500,1.0,300,4505,9.5,9.28,3.5384109020233154
500,1.0,310,4600,9.5,9.28,3.6113967895507812
500,1.0,320,4695,9.5,9.28,3.684781074523926
500,1.0,330,4790,9.5,9.28,3.7989470958709717
500,1.0,340,4885,9.5,9.28,3.8730428218841553
500,1.0,350,4980,9.5,9.28,3.9458868503570557
500,1.0,360,5075,9.5,9.28,4.0189528465271
500,1.0,370,5170,9.5,9.28,4.091724872589111
500,1.0,380,5265,9.5,9.28,4.164310932159424
500,1.0,390,5360,9.5,9.28,4.236818790435791
500,1.0,400,5455,9.5,9.28,4.309387922286987
500,1.0,410,5550,9.5,9.28,4.381999731063843
500,1.0,420,5645,9.5,9.28,4.454602003097534
500,1.0,430,5740,9.5,9.28,4.5271947383880615
500,1.0,440,5835,9.5,9.28,4.599972724914551
500,1.0,450,5930,9.5,9.28,4.67256498336792
500,1.0,460,6025,9.5,9.28,4.745037078857422
500,1.0,470,6120,9.5,9.28,4.817715883255005
500,1.0,480,6215,9.5,9.28,4.890450954437256
500,1.0,490,6310,9.5,9.28,4.96297287940979
500,1.0,500,6405,9.5,9.28,5.035575866699219
100,0.5,10,118,11.8,47.51,0.3043529987335205
100,0.5,20,616,49.8,64.52,0.7728259563446045
100,0.5,30,1158,54.2,21.71,1.0026309490203857
100,0.5,40,1387,22.9,14.58,1.13509202003479
100,0.5,50,1535,14.8,14.26,1.2472519874572754
100,0.5,60,1682,14.7,15.23,1.363765001296997
100,0.5,70,1840,15.8,15.3,1.4825670719146729
100,0.5,80,1998,15.8,16.14,1.6062169075012207
100,0.5,90,2162,16.4,16.18,1.7313389778137207
100,0.5,100,2326,16.4,18.59,1.8700330257415771
100,0.5,110,2514,18.8,18.32,2.0111911296844482
100,0.5,120,2700,18.6,22.07,2.173642158508301
100,0.5,130,2931,23.1,22.34,2.3459458351135254
100,0.5,140,3168,23.7,21.57,2.5145649909973145
100,0.5,150,3395,22.7,21.57,2.68218994140625
100,0.5,160,3622,22.7,21.57,2.848691940307617
100,0.5,170,3849,22.7,21.48,3.015312910079956
100,0.5,180,4076,22.7,21.48,3.181978940963745
100,0.5,190,4303,22.7,21.48,3.3491148948669434
100,0.5,200,4530,22.7,21.48,3.516166925430298
100,0.5,210,4757,22.7,21.49,3.6847078800201416
100,0.5,220,4984,22.7,21.5,3.8509750366210938
100,0.5,230,5211,22.7,21.57,4.019248962402344
100,0.5,240,5438,22.7,21.53,4.185992002487183
100,0.5,250,5665,22.7,21.98,4.35562801361084
100,0.5,260,5895,23.0,22.46,4.52852201461792
100,0.5,270,6133,23.8,22.21,4.7020180225372314
100,0.5,280,6365,23.2,23.71,4.882091045379639
100,0.5,290,6610,24.5,23.58,5.065083026885986
100,0.5,300,6855,24.5,22.12,5.2382190227508545
100,0.5,310,7087,23.2,21.07,5.401719808578491
100,0.5,320,7305,21.8,20.53,5.5587708950042725
100,0.5,330,7516,21.1,24.56,5.737392902374268
100,0.5,340,7766,25.0,43.03,6.026723861694336
100,0.5,350,8211,44.5,23.97,6.243849992752075
100,0.5,360,8458,24.7,25.45,6.435771942138672
100,0.5,370,8718,26.0,26.27,6.633113861083984
100,0.5,380,8986,26.8,16.54,6.777427911758423
100,0.5,390,9156,17.0,16.57,6.903872966766357
100,0.5,400,9326,17.0,16.59,7.029870986938477
100,0.5,410,9496,17.0,16.6,7.155838966369629
100,0.5,420,9666,17.0,16.6,7.28211784362793
100,0.5,430,9836,17.0,16.61,7.4080469608306885
100,0.5,440,10006,17.0,16.62,7.5339531898498535
100,0.5,450,10176,17.0,16.62,7.65999698638916
100,0.5,460,10346,17.0,16.62,7.786251068115234
100,0.5,470,10516,17.0,16.62,7.9125378131866455
100,0.5,480,10686,17.0,16.62,8.038599967956543
100,0.5,490,10856,17.0,16.62,8.16455888748169
100,0.5,500,11026,17.0,16.62,8.290891170501709
200,0.5,10,188,18.8,12.11,0.10576295852661133
200,0.5,20,311,12.3,15.25,0.21625280380249023
200,0.5,30,456,14.5,11.33,0.3087606430053711
200,0.5,40,567,11.1,9.41,0.3840796947479248
200,0.5,50,660,9.3,9.41,0.4558708667755127
200,0.5,60,753,9.3,9.41,0.5275609493255615
200,0.5,70,846,9.3,9.41,0.5994589328765869
200,0.5,80,939,9.3,9.41,0.7069189548492432
200,0.5,90,1032,9.3,9.41,0.7817118167877197
200,0.5,100,1125,9.3,9.41,0.8543679714202881
200,0.5,110,1218,9.3,9.41,0.9266219139099121
200,0.5,120,1311,9.3,9.41,0.9988610744476318
200,0.5,130,1404,9.3,9.41,1.0707499980926514
200,0.5,140,1497,9.3,9.41,1.1425769329071045
200,0.5,150,1590,9.3,9.41,1.2145709991455078
200,0.5,160,1683,9.3,9.41,1.286672830581665
200,0.5,170,1776,9.3,9.41,1.3585317134857178
200,0.5,180,1869,9.3,9.41,1.4305458068847656
200,0.5,190,1962,9.3,9.41,1.5024428367614746
200,0.5,200,2055,9.3,9.41,1.574110984802246
200,0.5,210,2148,9.3,9.41,1.6458749771118164
200,0.5,220,2241,9.3,9.41,1.7177579402923584
200,0.5,230,2334,9.3,9.41,1.7897510528564453
200,0.5,240,2427,9.3,9.41,1.8616788387298584
200,0.5,250,2520,9.3,9.41,1.9336907863616943
200,0.5,260,2613,9.3,9.41,2.005373954772949
200,0.5,270,2706,9.3,9.41,2.077281951904297
200,0.5,280,2799,9.3,9.41,2.1491079330444336
200,0.5,290,2892,9.3,9.41,2.220932722091675
200,0.5,300,2985,9.3,9.41,2.293012857437134
200,0.5,310,3078,9.3,9.41,2.364952802658081
200,0.5,320,3171,9.3,9.41,2.4368996620178223
200,0.5,330,3264,9.3,9.41,2.5088367462158203
200,0.5,340,3357,9.3,9.41,2.5807926654815674
200,0.5,350,3450,9.3,9.41,2.6525869369506836
200,0.5,360,3543,9.3,9.41,2.724465847015381
200,0.5,370,3636,9.3,9.41,2.7962417602539062
200,0.5,380,3729,9.3,9.41,2.8680918216705322
200,0.5,390,3822,9.3,9.41,2.9400277137756348
200,0.5,400,3915,9.3,9.41,3.012831926345825
200,0.5,410,4008,9.3,9.41,3.086155891418457
200,0.5,420,4101,9.3,9.41,3.1587448120117188
200,0.5,430,4194,9.3,9.41,3.231123924255371
200,0.5,440,4287,9.3,9.41,3.30318284034729
200,0.5,450,4380,9.3,9.41,3.3751327991485596
200,0.5,460,4473,9.3,9.41,3.447160005569458
200,0.5,470,4566,9.3,9.41,3.519044876098633
200,0.5,480,4659,9.3,9.41,3.5911359786987305
200,0.5,490,4752,9.3,9.41,3.6631219387054443
200,0.5,500,4845,9.3,9.41,3.735506772994995
300,0.5,10,177,17.7,88.43,0.550879955291748
300,0.5,20,978,80.1,9.28,0.7577521800994873
300,0.5,30,1073,9.5,9.28,0.8356711864471436
300,0.5,40,1168,9.5,9.28,0.9096279144287109
300,0.5,50,1263,9.5,9.28,0.9831581115722656
300,0.5,60,1358,9.5,9.28,1.0563509464263916
300,0.5,70,1453,9.5,9.28,1.1296467781066895
300,0.5,80,1548,9.5,9.28,1.2027819156646729
300,0.5,90,1643,9.5,9.28,1.275954008102417
300,0.5,100,1738,9.5,9.28,1.349426031112671
300,0.5,110,1833,9.5,9.28,1.4226808547973633
300,0.5,120,1928,9.5,9.28,1.4959051609039307
300,0.5,130,2023,9.5,9.28,1.569018840789795
300,0.5,140,2118,9.5,9.28,1.642153024673462
300,0.5,150,2213,9.5,9.28,1.7152462005615234
300,0.5,160,2308,9.5,9.28,1.7882819175720215
300,0.5,170,2403,9.5,9.28,1.861358880996704
300,0.5,180,2498,9.5,9.28,1.9343371391296387
300,0.5,190,2593,9.5,9.28,2.0073108673095703
300,0.5,200,2688,9.5,9.28,2.080176830291748
300,0.5,210,2783,9.5,9.28,2.153144121170044
300,0.5,220,2878,9.5,9.28,2.2260830402374268
300,0.5,230,2973,9.5,9.28,2.298916816711426
300,0.5,240,3068,9.5,9.28,2.372054100036621
300,0.5,250,3163,9.5,9.28,2.444916009902954
300,0.5,260,3258,9.5,9.28,2.5177769660949707
300,0.5,270,3353,9.5,9.28,2.5905611515045166
300,0.5,280,3448,9.5,9.28,2.6635100841522217
300,0.5,290,3543,9.5,9.28,2.736531972885132
300,0.5,300,3638,9.5,9.28,2.809385061264038
300,0.5,310,3733,9.5,9.28,2.882338047027588
300,0.5,320,3828,9.5,9.28,2.955456018447876
300,0.5,330,3923,9.5,9.28,3.028380870819092
300,0.5,340,4018,9.5,9.28,3.1012418270111084
300,0.5,350,4113,9.5,9.28,3.17415714263916
300,0.5,360,4208,9.5,9.28,3.247101068496704
300,0.5,370,4303,9.5,9.28,3.319943904876709
300,0.5,380,4398,9.5,9.28,3.392841100692749
300,0.5,390,4493,9.5,9.28,3.465735912322998
300,0.5,400,4588,9.5,9.28,3.5386009216308594
300,0.5,410,4683,9.5,9.28,3.6113338470458984
300,0.5,420,4778,9.5,9.28,3.6840550899505615
300,0.5,430,4873,9.5,9.28,3.756542921066284
300,0.5,440,4968,9.5,9.28,3.8294239044189453
300,0.5,450,5063,9.5,9.28,3.902208089828491
300,0.5,460,5158,9.5,9.28,3.9748098850250244
300,0.5,470,5253,9.5,9.28,4.047640085220337
300,0.5,480,5348,9.5,9.28,4.120585918426514
300,0.5,490,5443,9.5,9.28,4.193356037139893
300,0.5,500,5538,9.5,9.28,4.2658350467681885
400,0.5,10,208,20.8,23.95,0.17819595336914062
400,0.5,20,439,23.1,12.81,0.2960491180419922
400,0.5,30,568,12.9,39.09,0.541801929473877
400,0.5,40,949,38.1,66.41,0.9852888584136963
400,0.5,50,1512,56.3,59.6,1.426124095916748
400,0.5,60,2127,61.5,98.52,2.094884157180786
400,0.5,70,3165,103.8,11.44,2.3554790019989014
400,0.5,80,3279,11.4,11.85,2.4514639377593994
400,0.5,90,3395,11.6,10.88,2.5372700691223145
400,0.5,100,3500,10.5,13.09,2.6320669651031494
400,0.5,110,3628,12.8,10.29,2.715167999267578
400,0.5,120,3727,9.9,11.9,2.8021481037139893
400,0.5,130,3844,11.7,11.13,2.887911081314087
400,0.5,140,3952,10.8,10.39,2.9680299758911133
400,0.5,150,4054,10.2,17.28,3.086043119430542
400,0.5,160,4221,16.7,19.17,3.2267210483551025
400,0.5,170,4410,18.9,26.07,3.4094388484954834
400,0.5,180,4660,25.0,25.52,3.5996620655059814
400,0.5,190,4908,24.8,19.63,3.7570958137512207
400,0.5,200,5100,19.2,17.55,3.892982006072998
400,0.5,210,5271,17.1,17.12,4.023370027542114
400,0.5,220,5437,16.6,14.31,4.139065980911255
400,0.5,230,5576,13.9,21.48,4.290001153945923
400,0.5,240,5785,20.9,51.6,4.624151945114136
400,0.5,250,6277,49.2,131.59,5.510066986083984
400,0.5,260,7549,127.2,50.25,6.041642904281616
400,0.5,270,8058,50.9,27.26,6.3030431270599365
400,0.5,280,8321,26.3,9.41,6.411349058151245
400,0.5,290,8414,9.3,9.41,6.485983848571777
400,0.5,300,8507,9.3,9.41,6.559868097305298
400,0.5,310,8600,9.3,9.41,6.633430004119873
400,0.5,320,8693,9.3,9.41,6.706768035888672
400,0.5,330,8786,9.3,9.41,6.780395030975342
400,0.5,340,8879,9.3,9.41,6.853913068771362
400,0.5,350,8972,9.3,9.41,6.927381992340088
400,0.5,360,9065,9.3,9.41,7.0011889934539795
400,0.5,370,9158,9.3,9.41,7.074653148651123
400,0.5,380,9251,9.3,9.41,7.14716100692749
400,0.5,390,9344,9.3,9.41,7.219468116760254
400,0.5,400,9437,9.3,9.41,7.29166316986084
400,0.5,410,9530,9.3,9.41,7.3635618686676025
400,0.5,420,9623,9.3,9.41,7.435637950897217
400,0.5,430,9716,9.3,9.41,7.507905960083008
400,0.5,440,9809,9.3,9.41,7.580003023147583
400,0.5,450,9902,9.3,9.41,7.651870965957642
400,0.5,460,9995,9.3,9.41,7.723714113235474
400,0.5,470,10088,9.3,9.41,7.795608043670654
400,0.5,480,10181,9.3,9.41,7.8675360679626465
400,0.5,490,10274,9.3,9.41,7.939313173294067
400,0.5,500,10367,9.3,9.41,8.011137008666992
500,0.5,10,217,21.7,16.2,0.1353440284729004
500,0.5,20,387,17.0,9.28,0.22290611267089844
500,0.5,30,482,9.5,9.28,0.29645204544067383
500,0.5,40,577,9.5,9.28,0.3695220947265625
500,0.5,50,672,9.5,9.28,0.44218015670776367
500,0.5,60,767,9.5,9.28,0.5148599147796631
500,0.5,70,862,9.5,9.28,0.5873110294342041
500,0.5,80,957,9.5,9.28,0.6599259376525879
500,0.5,90,1052,9.5,9.28,0.7325010299682617
500,0.5,100,1147,9.5,9.28,0.8051481246948242
500,0.5,110,1242,9.5,9.28,0.8777499198913574
500,0.5,120,1337,9.5,9.28,0.9501991271972656
500,0.5,130,1432,9.5,9.28,1.0227351188659668
500,0.5,140,1527,9.5,9.28,1.0955090522766113
500,0.5,150,1622,9.5,9.28,1.1680948734283447
500,0.5,160,1717,9.5,9.28,1.2405569553375244
500,0.5,170,1812,9.5,9.28,1.3131461143493652
500,0.5,180,1907,9.5,9.28,1.3856220245361328
500,0.5,190,2002,9.5,9.28,1.4580819606781006
500,0.5,200,2097,9.5,9.28,1.530480146408081
500,0.5,210,2192,9.5,9.28,1.6029529571533203
500,0.5,220,2287,9.5,9.28,1.6751248836517334
500,0.5,230,2382,9.5,9.28,1.7472529411315918
500,0.5,240,2477,9.5,9.28,1.8196110725402832
500,0.5,250,2572,9.5,9.28,1.8919239044189453
500,0.5,260,2667,9.5,9.28,1.9643518924713135
500,0.5,270,2762,9.5,9.28,2.0372872352600098
500,0.5,280,2857,9.5,9.28,2.109795093536377
500,0.5,290,2952,9.5,9.28,2.181702136993408
500,0.5,300,3047,9.5,9.28,2.2538249492645264
500,0.5,310,3142,9.5,9.28,2.325615167617798
500,0.5,320,3237,9.5,9.28,2.3971140384674072
500,0.5,330,3332,9.5,9.28,2.4687769412994385
500,0.5,340,3427,9.5,9.28,2.540437936782837
500,0.5,350,3522,9.5,9.28,2.612013101577759
500,0.5,360,3617,9.5,9.28,2.683758020401001
500,0.5,370,3712,9.5,9.28,2.755228042602539
500,0.5,380,3807,9.5,9.28,2.826646089553833
500,0.5,390,3902,9.5,9.28,2.900541067123413
500,0.5,400,3997,9.5,9.28,2.9741370677948
500,0.5,410,4092,9.5,9.28,3.046952247619629
500,0.5,420,4187,9.5,9.28,3.1191961765289307
500,0.5,430,4282,9.5,9.28,3.191179037094116
500,0.5,440,4377,9.5,9.28,3.2631380558013916
500,0.5,450,4472,9.5,9.28,3.3349270820617676
500,0.5,460,4567,9.5,9.28,3.406909942626953
500,0.5,470,4662,9.5,9.28,3.47898006439209
500,0.5,480,4757,9.5,9.28,3.5509800910949707
500,0.5,490,4852,9.5,9.28,3.6228132247924805
500,0.5,500,4947,9.5,9.28,3.694545030593872
100,0.1,10,118,11.8,79.03,0.48404574394226074
100,0.1,20,798,68.0,13.19,0.6908018589019775
100,0.1,30,931,13.3,106.92,1.3372857570648193
100,0.1,40,1920,98.9,55.23,1.839308738708496
100,0.1,50,2432,51.2,50.19,2.2306418418884277
100,0.1,60,2958,52.6,88.82,2.841432809829712
100,0.1,70,3531,57.3,36.6,3.1638028621673584
100,0.1,80,3884,35.3,22.73,3.3646626472473145
100,0.1,90,4100,21.6,24.13,3.546790838241577
100,0.1,100,4339,23.9,17.46,3.694584846496582
100,0.1,110,4513,17.4,14.34,3.811720848083496
100,0.1,120,4655,14.2,10.0,3.8977229595184326
100,0.1,130,4753,9.8,22.89,4.049254894256592
100,0.1,140,4972,21.9,45.56,4.352850914001465
100,0.1,150,5428,45.6,48.04,4.754208087921143
100,0.1,160,5908,48.0,61.7,5.199034929275513
100,0.1,170,6375,46.7,137.95,6.075687885284424
100,0.1,180,7368,99.3,62.61,6.627683877944946
100,0.1,190,7879,51.1,60.95,7.0752198696136475
100,0.1,200,8453,57.4,52.68,7.48049783706665
100,0.1,210,8980,52.7,28.59,7.7420947551727295
100,0.1,220,9271,29.1,62.61,8.152170658111572
100,0.1,230,9834,56.3,56.45,8.574609994888306
100,0.1,240,10440,60.6,62.22,9.039085865020752
100,0.1,250,10976,53.6,45.75,9.398796796798706
100,0.1,260,11447,47.1,65.34,9.856026887893677
100,0.1,270,12011,56.4,46.58,10.224377870559692
100,0.1,280,12467,45.6,37.54,10.523286819458008
100,0.1,290,12844,37.7,23.02,10.726103782653809
100,0.1,300,13062,21.8,22.36,10.895777702331543
100,0.1,310,13275,21.3,25.26,11.079241037368774
100,0.1,320,13520,24.5,19.3,11.234869003295898
100,0.1,330,13712,19.2,20.79,11.389312028884888
100,0.1,340,13915,20.3,16.78,11.522795677185059
100,0.1,350,14080,16.5,17.35,11.652544021606445
100,0.1,360,14249,16.9,17.16,11.782480955123901
100,0.1,370,14413,16.4,16.93,11.909679889678955
100,0.1,380,14578,16.5,16.37,12.03368878364563
100,0.1,390,14737,15.9,19.78,12.176167964935303
100,0.1,400,14932,19.5,21.59,12.336274862289429
100,0.1,410,15143,21.1,22.82,12.5086989402771
100,0.1,420,15362,21.9,22.9,12.682774782180786
100,0.1,430,15583,22.1,21.83,12.850154638290405
100,0.1,440,15796,21.3,17.73,12.993417978286743
100,0.1,450,15970,17.4,18.02,13.131017923355103
100,0.1,460,16147,17.7,12.62,13.238035917282104
100,0.1,470,16270,12.3,11.12,13.327091932296753
100,0.1,480,16377,10.7,12.75,13.422202825546265
100,0.1,490,16500,12.3,12.99,13.521284818649292
100,0.1,500,16628,12.8,13.57,13.624610900878906
200,0.1,10,188,18.8,14.63,0.12226629257202148
200,0.1,20,333,14.5,13.54,0.22958707809448242
200,0.1,30,473,14.0,14.65,0.34170031547546387
200,0.1,40,618,14.5,59.63,0.712501049041748
200,0.1,50,1235,61.7,53.39,1.1362099647521973
200,0.1,60,1743,50.8,16.84,1.333252191543579
200,0.1,70,1912,16.9,9.41,1.4231481552124023
200,0.1,80,2005,9.3,9.41,1.4971489906311035
200,0.1,90,2098,9.3,9.41,1.570148229598999
200,0.1,100,2191,9.3,9.41,1.642665147781372
200,0.1,110,2284,9.3,9.41,1.715257167816162
200,0.1,120,2377,9.3,9.41,1.787580966949463
200,0.1,130,2470,9.3,9.41,1.8600962162017822
200,0.1,140,2563,9.3,9.41,1.9361190795898438
200,0.1,150,2656,9.3,9.41,2.011228084564209
200,0.1,160,2749,9.3,9.41,2.0856621265411377
200,0.1,170,2842,9.3,9.41,2.1596450805664062
200,0.1,180,2935,9.3,9.41,2.2336411476135254
200,0.1,190,3028,9.3,9.41,2.307523250579834
200,0.1,200,3121,9.3,9.41,2.3813111782073975
200,0.1,210,3214,9.3,9.41,2.4549970626831055
200,0.1,220,3307,9.3,9.41,2.5290331840515137
200,0.1,230,3400,9.3,9.41,2.602818250656128
200,0.1,240,3493,9.3,9.41,2.676608085632324
200,0.1,250,3586,9.3,9.41,2.750197172164917
200,0.1,260,3679,9.3,9.41,2.82391095161438
200,0.1,270,3772,9.3,9.41,2.944399118423462
200,0.1,280,3865,9.3,9.41,3.0198862552642822
200,0.1,290,3958,9.3,9.41,3.094454050064087
200,0.1,300,4051,9.3,9.41,3.1683871746063232
200,0.1,310,4144,9.3,9.41,3.242039203643799
200,0.1,320,4237,9.3,9.41,3.315727949142456
200,0.1,330,4330,9.3,9.41,3.3894500732421875
200,0.1,340,4423,9.3,9.41,3.4632651805877686
200,0.1,350,4516,9.3,9.41,3.536863088607788
200,0.1,360,4609,9.3,9.41,3.6104960441589355
200,0.1,370,4702,9.3,9.41,3.683969020843506
200,0.1,380,4795,9.3,9.41,3.7578272819519043
200,0.1,390,4888,9.3,9.41,3.831156015396118
200,0.1,400,4981,9.3,9.41,3.903813123703003
200,0.1,410,5074,9.3,9.41,3.9761340618133545
200,0.1,420,5167,9.3,9.41,4.04834508895874
200,0.1,430,5260,9.3,9.41,4.120421886444092
200,0.1,440,5353,9.3,9.41,4.1923511028289795
200,0.1,450,5446,9.3,9.41,4.264496326446533
200,0.1,460,5539,9.3,9.41,4.336602210998535
200,0.1,470,5632,9.3,9.41,4.408653259277344
200,0.1,480,5725,9.3,9.41,4.480763912200928
200,0.1,490,5818,9.3,9.41,4.5528552532196045
200,0.1,500,5911,9.3,9.41,4.62483811378479
300,0.1,10,177,17.7,55.2,0.353283166885376
300,0.1,20,682,50.5,9.41,0.5043270587921143
300,0.1,30,775,9.3,9.41,0.5801582336425781
300,0.1,40,868,9.3,9.41,0.6544570922851562
300,0.1,50,961,9.3,9.41,0.7281122207641602
300,0.1,60,1054,9.3,9.41,0.801213264465332
300,0.1,70,1147,9.3,9.41,0.8744029998779297
300,0.1,80,1240,9.3,9.41,0.9476301670074463
300,0.1,90,1333,9.3,9.41,1.0206902027130127
300,0.1,100,1426,9.3,9.41,1.0938968658447266
300,0.1,110,1519,9.3,9.41,1.167051076889038
300,0.1,120,1612,9.3,9.41,1.240112066268921
300,0.1,130,1705,9.3,9.41,1.3131451606750488
300,0.1,140,1798,9.3,9.41,1.386348009109497
300,0.1,150,1891,9.3,9.41,1.4593791961669922
300,0.1,160,1984,9.3,9.41,1.5326042175292969
300,0.1,170,2077,9.3,9.41,1.605682134628296
300,0.1,180,2170,9.3,9.41,1.678706169128418
300,0.1,190,2263,9.3,9.41,1.7515921592712402
300,0.1,200,2356,9.3,9.41,1.8248341083526611
300,0.1,210,2449,9.3,9.41,1.8978018760681152
300,0.1,220,2542,9.3,9.41,1.9710299968719482
300,0.1,230,2635,9.3,9.41,2.043731212615967
300,0.1,240,2728,9.3,9.41,2.1167678833007812
300,0.1,250,2821,9.3,9.41,2.191030979156494
300,0.1,260,2914,9.3,9.41,2.264641046524048
300,0.1,270,3007,9.3,9.41,2.3374080657958984
300,0.1,280,3100,9.3,9.41,2.409975051879883
300,0.1,290,3193,9.3,9.41,2.4824302196502686
300,0.1,300,3286,9.3,9.41,2.5548431873321533
300,0.1,310,3379,9.3,9.41,2.6272690296173096
300,0.1,320,3472,9.3,9.41,2.6993672847747803
300,0.1,330,3565,9.3,9.41,2.771707057952881
300,0.1,340,3658,9.3,9.41,2.843954086303711
300,0.1,350,3751,9.3,9.41,2.9162001609802246
300,0.1,360,3844,9.3,9.41,2.988279104232788
300,0.1,370,3937,9.3,9.41,3.060488224029541
300,0.1,380,4030,9.3,9.41,3.132786273956299
300,0.1,390,4123,9.3,9.41,3.2049310207366943
300,0.1,400,4216,9.3,9.41,3.277132034301758
300,0.1,410,4309,9.3,9.41,3.349405288696289
300,0.1,420,4402,9.3,9.41,3.42150616645813
300,0.1,430,4495,9.3,9.41,3.493605136871338
300,0.1,440,4588,9.3,9.41,3.5658230781555176
300,0.1,450,4681,9.3,9.41,3.638021230697632
300,0.1,460,4774,9.3,9.41,3.710010051727295
300,0.1,470,4867,9.3,9.41,3.7821831703186035
300,0.1,480,4960,9.3,9.41,3.8543860912323
300,0.1,490,5053,9.3,9.41,3.926483154296875
300,0.1,500,5146,9.3,9.41,3.9986181259155273
400,0.1,10,208,20.8,23.15,0.1719200611114502
400,0.1,20,438,23.0,14.02,0.29579687118530273
400,0.1,30,580,14.2,60.53,0.6655819416046143
400,0.1,40,1219,63.9,80.92,1.2406508922576904
400,0.1,50,1997,77.8,32.17,1.5713560581207275
400,0.1,60,2319,32.2,61.03,1.987062931060791
400,0.1,70,2970,65.1,73.73,2.534940004348755
400,0.1,80,3598,62.8,25.65,2.8042831420898438
400,0.1,90,3842,24.4,23.7,2.9913129806518555
400,0.1,100,4065,22.3,36.97,3.2710859775543213
400,0.1,110,4421,35.6,28.47,3.5041310787200928
400,0.1,120,4697,27.6,55.59,3.9483749866485596
400,0.1,130,5237,54.0,151.27,4.921643018722534
400,0.1,140,6831,159.4,32.39,5.41402792930603
400,0.1,150,7154,32.3,49.72,5.771272897720337
400,0.1,160,7638,48.4,131.89,6.695237159729004
400,0.1,170,8818,118.0,26.31,7.1178789138793945
400,0.1,180,9073,25.5,32.65,7.373424053192139
400,0.1,190,9402,32.9,79.19,7.899513006210327
400,0.1,200,10136,73.4,139.29,8.836251020431519
400,0.1,210,11461,132.5,18.2,9.203168869018555
400,0.1,220,11643,18.2,20.38,9.369052171707153
400,0.1,230,11848,20.5,13.74,9.490617036819458
400,0.1,240,11988,14.0,12.37,9.591049909591675
400,0.1,250,12115,12.7,15.25,9.70449185371399
400,0.1,260,12271,15.6,21.01,9.856837034225464
400,0.1,270,12483,21.2,16.37,9.992603063583374
400,0.1,280,12651,16.8,16.32,10.120264768600464
400,0.1,290,12818,16.7,18.43,10.259541034698486
400,0.1,300,13002,18.4,15.91,10.387379169464111
400,0.1,310,13166,16.4,15.11,10.506561040878296
400,0.1,320,13321,15.5,16.35,10.631208181381226
400,0.1,330,13489,16.8,13.2,10.739969968795776
400,0.1,340,13623,13.4,15.16,10.854454040527344
400,0.1,350,13774,15.1,14.12,10.965313911437988
400,0.1,360,13919,14.5,16.32,11.087898015975952
400,0.1,370,14085,16.6,16.19,11.213574171066284
400,0.1,380,14249,16.4,22.42,11.374457120895386
400,0.1,390,14481,23.2,26.37,11.570456981658936
400,0.1,400,14746,26.5,25.78,11.76895809173584
400,0.1,410,15008,26.2,42.23,12.061040163040161
400,0.1,420,15450,44.2,77.06,12.58390212059021
400,0.1,430,16131,68.1,56.25,13.036066055297852
400,0.1,440,16738,60.7,55.95,13.47508192062378
400,0.1,450,17294,55.6,52.3,13.884245872497559
400,0.1,460,17885,59.1,56.02,14.319867134094238
400,0.1,470,18451,56.6,48.97,14.710590124130249
400,0.1,480,18947,49.6,54.86,15.128193855285645
400,0.1,490,19501,55.4,45.26,15.504549980163574
400,0.1,500,19965,46.4,25.19,15.742431879043579
500,0.1,10,217,21.7,16.32,0.14548373222351074
500,0.1,20,389,17.2,119.98,0.8719608783721924
500,0.1,30,1263,87.4,9.41,1.0926060676574707
500,0.1,40,1356,9.3,9.41,1.1725249290466309
500,0.1,50,1449,9.3,9.41,1.2472007274627686
500,0.1,60,1542,9.3,9.41,1.3200578689575195
500,0.1,70,1635,9.3,9.41,1.3927569389343262
500,0.1,80,1728,9.3,9.41,1.4648818969726562
500,0.1,90,1821,9.3,9.41,1.5370991230010986
500,0.1,100,1914,9.3,9.41,1.6092219352722168
500,0.1,110,2007,9.3,9.41,1.6814968585968018
500,0.1,120,2100,9.3,9.41,1.7536201477050781
500,0.1,130,2193,9.3,9.41,1.8255629539489746
500,0.1,140,2286,9.3,9.41,1.8975660800933838
500,0.1,150,2379,9.3,9.41,1.969749927520752
500,0.1,160,2472,9.3,9.41,2.0420360565185547
500,0.1,170,2565,9.3,9.41,2.114130973815918
500,0.1,180,2658,9.3,9.41,2.18605899810791
500,0.1,190,2751,9.3,9.41,2.261673927307129
500,0.1,200,2844,9.3,9.41,2.3358030319213867
500,0.1,210,2937,9.3,9.41,2.4086270332336426
500,0.1,220,3030,9.3,9.41,2.481177806854248
500,0.1,230,3123,9.3,9.41,2.5534019470214844
500,0.1,240,3216,9.3,9.41,2.6260218620300293
500,0.1,250,3309,9.3,9.41,2.698453903198242
500,0.1,260,3402,9.3,9.41,2.7706058025360107
500,0.1,270,3495,9.3,9.41,2.842726945877075
500,0.1,280,3588,9.3,9.41,2.9550511837005615
500,0.1,290,3681,9.3,9.41,3.0287578105926514
500,0.1,300,3774,9.3,9.41,3.1017889976501465
500,0.1,310,3867,9.3,9.41,3.1744678020477295
500,0.1,320,3960,9.3,9.41,3.2467339038848877
500,0.1,330,4053,9.3,9.41,3.3188271522521973
500,0.1,340,4146,9.3,9.41,3.3909950256347656
500,0.1,350,4239,9.3,9.41,3.46299409866333
500,0.1,360,4332,9.3,9.41,3.5351908206939697
500,0.1,370,4425,9.3,9.41,3.607132911682129
500,0.1,380,4518,9.3,9.41,3.6792421340942383
500,0.1,390,4611,9.3,9.41,3.751598834991455
500,0.1,400,4704,9.3,9.41,3.823944091796875
500,0.1,410,4797,9.3,9.41,3.8962597846984863
500,0.1,420,4890,9.3,9.41,3.968533754348755
500,0.1,430,4983,9.3,9.41,4.041175842285156
500,0.1,440,5076,9.3,9.41,4.113464832305908
500,0.1,450,5169,9.3,9.41,4.1858320236206055
500,0.1,460,5262,9.3,9.41,4.257925987243652
500,0.1,470,5355,9.3,9.41,4.329936981201172
500,0.1,480,5448,9.3,9.41,4.401954889297485
500,0.1,490,5541,9.3,9.41,4.474005937576294
500,0.1,500,5634,9.3,9.41,4.546231985092163
100,0.05,10,118,11.8,56.07,0.34984898567199707
100,0.05,20,564,44.6,11.97,0.5043308734893799
100,0.05,30,684,12.0,38.07,0.7504050731658936
100,0.05,40,1071,38.7,99.73,1.3931119441986084
100,0.05,50,2052,98.1,175.26,2.564239978790283
100,0.05,60,3588,153.6,16.16,2.949863910675049
100,0.05,70,3752,16.4,16.58,3.089989185333252
100,0.05,80,3921,16.9,15.28,3.2134220600128174
100,0.05,90,4080,15.9,10.92,3.3089230060577393
100,0.05,100,4193,11.3,9.53,3.387424945831299
100,0.05,110,4290,9.7,9.28,3.4610090255737305
100,0.05,120,4385,9.5,9.28,3.5337350368499756
100,0.05,130,4480,9.5,9.28,3.606679916381836
100,0.05,140,4575,9.5,9.28,3.6792728900909424
100,0.05,150,4670,9.5,9.28,3.751939058303833
100,0.05,160,4765,9.5,9.28,3.8245511054992676
100,0.05,170,4860,9.5,9.28,3.8968188762664795
100,0.05,180,4955,9.5,9.28,3.969104051589966
100,0.05,190,5050,9.5,9.28,4.041607141494751
100,0.05,200,5145,9.5,9.28,4.114066123962402
100,0.05,210,5240,9.5,9.28,4.186450958251953
100,0.05,220,5335,9.5,9.28,4.258609056472778
100,0.05,230,5430,9.5,9.28,4.33099102973938
100,0.05,240,5525,9.5,9.28,4.403260231018066
100,0.05,250,5620,9.5,9.28,4.475515127182007
100,0.05,260,5715,9.5,9.28,4.5477540493011475
100,0.05,270,5810,9.5,9.28,4.620253801345825
100,0.05,280,5905,9.5,9.28,4.692305088043213
100,0.05,290,6000,9.5,9.28,4.766155958175659
100,0.05,300,6095,9.5,9.28,4.840593099594116
100,0.05,310,6190,9.5,9.28,4.914193153381348
100,0.05,320,6285,9.5,9.28,4.987452983856201
100,0.05,330,6380,9.5,9.28,5.0603508949279785
100,0.05,340,6475,9.5,9.28,5.133274078369141
100,0.05,350,6570,9.5,9.28,5.205926179885864
100,0.05,360,6665,9.5,9.28,5.278764009475708
100,0.05,370,6760,9.5,9.28,5.3518829345703125
100,0.05,380,6855,9.5,9.28,5.424553871154785
100,0.05,390,6950,9.5,9.28,5.4975011348724365
100,0.05,400,7045,9.5,9.28,5.570333242416382
100,0.05,410,7140,9.5,9.28,5.643054962158203
100,0.05,420,7235,9.5,9.28,5.715970039367676
100,0.05,430,7330,9.5,9.28,5.789054870605469
100,0.05,440,7425,9.5,9.28,5.862084150314331
100,0.05,450,7520,9.5,9.28,5.934654951095581
100,0.05,460,7615,9.5,9.28,6.00747013092041
100,0.05,470,7710,9.5,9.28,6.08028507232666
100,0.05,480,7805,9.5,9.28,6.153249025344849
100,0.05,490,7900,9.5,9.28,6.226233005523682
100,0.05,500,7995,9.5,9.28,6.299378156661987
200,0.05,10,188,18.8,14.76,0.12308287620544434
200,0.05,20,340,15.2,31.74,0.3367009162902832
200,0.05,30,657,31.7,20.58,0.5156219005584717
200,0.05,40,854,19.7,57.65,0.8859419822692871
200,0.05,50,1379,52.5,41.84,1.2227740287780762
200,0.05,60,1796,41.7,142.02,2.1064279079437256
200,0.05,70,3111,131.5,115.69,3.004716634750366
200,0.05,80,4276,116.5,18.51,3.3349478244781494
200,0.05,90,4460,18.4,21.79,3.568901777267456
200,0.05,100,4670,21.0,47.01,3.8812437057495117
200,0.05,110,5133,46.3,65.14,4.351316928863525
200,0.05,120,5720,58.7,497.93,7.398948669433594
300,0.05,10,177,17.7,39.38,0.26969099044799805
300,0.05,20,605,42.8,15.17,0.43970608711242676
300,0.05,30,752,14.7,46.09,0.7377479076385498
300,0.05,40,1174,42.2,56.45,1.1447789669036865
300,0.05,50,1664,49.0,14.23,1.320157766342163
300,0.05,60,1802,13.8,11.71,1.4161860942840576
300,0.05,70,1915,11.3,13.77,1.5181517601013184
300,0.05,80,2053,13.8,14.68,1.6286029815673828
300,0.05,90,2192,13.9,25.16,1.7982289791107178
300,0.05,100,2457,26.5,23.73,1.9826738834381104
300,0.05,110,2702,24.5,81.1,2.4889650344848633
300,0.05,120,3574,87.2,12.15,2.7200448513031006
300,0.05,130,3699,12.5,9.53,2.8037948608398438
300,0.05,140,3798,9.9,9.28,2.877840995788574
300,0.05,150,3893,9.5,9.28,2.9500479698181152
300,0.05,160,3988,9.5,9.28,3.0218417644500732
300,0.05,170,4083,9.5,9.28,3.0936779975891113
300,0.05,180,4178,9.5,9.28,3.1656439304351807
300,0.05,190,4273,9.5,9.28,3.2373499870300293
300,0.05,200,4368,9.5,9.28,3.3089771270751953
300,0.05,210,4463,9.5,9.28,3.3806698322296143
300,0.05,220,4558,9.5,9.28,3.452444076538086
300,0.05,230,4653,9.5,9.28,3.5240161418914795
300,0.05,240,4748,9.5,9.28,3.5956740379333496
300,0.05,250,4843,9.5,9.28,3.667664051055908
300,0.05,260,4938,9.5,9.28,3.7405858039855957
300,0.05,270,5033,9.5,9.28,3.8129289150238037
300,0.05,280,5128,9.5,9.28,3.8845880031585693
300,0.05,290,5223,9.5,9.28,3.9561879634857178
300,0.05,300,5318,9.5,9.28,4.027660846710205
300,0.05,310,5413,9.5,9.28,4.101785898208618
300,0.05,320,5508,9.5,9.28,4.176357984542847
300,0.05,330,5603,9.5,9.28,4.250285863876343
300,0.05,340,5698,9.5,9.28,4.3237879276275635
300,0.05,350,5793,9.5,9.28,4.397223949432373
300,0.05,360,5888,9.5,9.28,4.470513820648193
300,0.05,370,5983,9.5,9.28,4.544203996658325
300,0.05,380,6078,9.5,9.28,4.617754936218262
300,0.05,390,6173,9.5,9.28,4.691162109375
300,0.05,400,6268,9.5,9.28,4.764302968978882
300,0.05,410,6363,9.5,9.28,4.83773398399353
300,0.05,420,6458,9.5,9.28,4.910764932632446
300,0.05,430,6553,9.5,9.28,4.983889818191528
300,0.05,440,6648,9.5,9.28,5.05707311630249
300,0.05,450,6743,9.5,9.28,5.1305859088897705
300,0.05,460,6838,9.5,9.28,5.203574895858765
300,0.05,470,6933,9.5,9.28,5.276831865310669
300,0.05,480,7028,9.5,9.28,5.350110769271851
300,0.05,490,7123,9.5,9.28,5.423120975494385
300,0.05,500,7218,9.5,9.28,5.496078014373779
400,0.05,10,208,20.8,22.87,0.1736137866973877
400,0.05,20,433,22.5,16.2,0.31121015548706055
400,0.05,30,605,17.2,56.03,0.6683530807495117
400,0.05,40,1282,67.7,45.99,1.0603458881378174
400,0.05,50,1742,46.0,43.66,1.402818202972412
400,0.05,60,2118,37.6,56.23,1.8024110794067383
400,0.05,70,2697,57.9,24.21,2.052946090698242
400,0.05,80,2972,27.5,51.0,2.403135061264038
400,0.05,90,3459,48.7,75.3,2.9290518760681152
400,0.05,100,4104,64.5,98.73,3.621890068054199
400,0.05,110,4762,65.8,24.78,3.8918569087982178
400,0.05,120,5021,25.9,51.2,4.240592956542969
400,0.05,130,5505,48.4,49.58,4.618466138839722
400,0.05,140,6028,52.3,59.8,5.097188949584961
400,0.05,150,6579,55.1,57.96,5.536557197570801
400,0.05,160,7067,48.8,27.16,5.787605047225952
400,0.05,170,7339,27.2,22.8,5.973508834838867
400,0.05,180,7558,21.9,15.52,6.106236934661865
400,0.05,190,7709,15.1,22.76,6.267362117767334
400,0.05,200,7930,22.1,22.38,6.438369989395142
400,0.05,210,8146,21.6,25.86,6.628344774246216
400,0.05,220,8400,25.4,32.3,6.862467050552368
400,0.05,230,8714,31.4,61.22,7.27428412437439
400,0.05,240,9274,56.0,87.89,7.88312292098999
400,0.05,250,10061,78.7,23.84,8.172432899475098
400,0.05,260,10309,24.8,36.85,8.433611154556274
400,0.05,270,10670,36.1,36.05,8.704977035522461
400,0.05,280,11025,35.5,112.61,9.404447078704834
400,0.05,290,11891,86.6,64.69,9.930889129638672
400,0.05,300,12502,61.1,64.54,10.412209033966064
400,0.05,310,13061,55.9,72.08,10.922510862350464
400,0.05,320,13737,67.6,37.65,11.262106895446777
400,0.05,330,14097,36.0,38.21,11.54795503616333
400,0.05,340,14465,36.8,28.62,11.777915954589844
400,0.05,350,14746,28.1,24.33,11.968766927719116
400,0.05,360,14984,23.8,25.64,12.159149169921875
400,0.05,370,15232,24.8,25.31,12.348909854888916
400,0.05,380,15471,23.9,27.09,12.546354055404663
400,0.05,390,15736,26.5,24.97,12.736525774002075
400,0.05,400,15981,24.5,23.64,12.916268110275269
400,0.05,410,16213,23.2,24.52,13.099160194396973
400,0.05,420,16453,24.0,35.38,13.344069957733154
400,0.05,430,16801,34.8,74.05,13.824517011642456
400,0.05,440,17491,69.0,59.91,14.288303852081299
400,0.05,450,18085,59.4,45.27,14.663217067718506
400,0.05,460,18527,44.2,67.55,15.140534162521362
400,0.05,470,19065,53.8,86.51,15.743835926055908
400,0.05,480,20049,98.4,59.26,16.271574020385742
400,0.05,490,20648,59.9,64.68,16.76255488395691
400,0.05,500,21148,50.0,61.59,17.217122077941895
500,0.05,10,217,21.7,16.21,0.13945221900939941
500,0.05,20,390,17.3,9.36,0.22734904289245605
500,0.05,30,488,9.8,16.06,0.3391852378845215
500,0.05,40,656,16.8,63.64,0.7840042114257812
500,0.05,50,1375,71.9,15.43,1.010240077972412
500,0.05,60,1536,16.1,15.44,1.13472318649292
500,0.05,70,1699,16.3,13.95,1.2479360103607178
500,0.05,80,1846,14.7,9.28,1.3311500549316406
500,0.05,90,1942,9.6,9.97,1.4087591171264648
500,0.05,100,2044,10.2,15.35,1.5176031589508057
500,0.05,110,2203,15.9,15.05,1.6351370811462402
500,0.05,120,2360,15.7,93.58,2.201920986175537
500,0.05,130,3158,79.8,81.46,2.8184361457824707
500,0.05,140,3932,77.4,16.09,3.0616910457611084
500,0.05,150,4100,16.8,11.22,3.164440155029297
500,0.05,160,4217,11.7,14.08,3.2698371410369873
500,0.05,170,4364,14.7,11.63,3.3654980659484863
500,0.05,180,4485,12.1,10.06,3.447700262069702
500,0.05,190,4588,10.3,10.62,3.5296969413757324
500,0.05,200,4697,10.9,12.13,3.62123703956604
500,0.05,210,4822,12.5,9.78,3.7022829055786133
500,0.05,220,4922,10.0,9.28,3.776153087615967
500,0.05,230,5018,9.6,9.37,3.8497750759124756
500,0.05,240,5114,9.6,9.3,3.9228100776672363
500,0.05,250,5209,9.5,9.32,3.9957621097564697
500,0.05,260,5305,9.6,9.28,4.068564176559448
500,0.05,270,5400,9.5,9.28,4.141519069671631
500,0.05,280,5495,9.5,9.28,4.214223146438599
500,0.05,290,5590,9.5,9.28,4.287009954452515
500,0.05,300,5685,9.5,9.28,4.360011100769043
500,0.05,310,5780,9.5,9.28,4.432793140411377
500,0.05,320,5875,9.5,9.28,4.505300283432007
500,0.05,330,5970,9.5,9.28,4.578239917755127
500,0.05,340,6065,9.5,9.28,4.650767087936401
500,0.05,350,6160,9.5,9.28,4.723368167877197
500,0.05,360,6255,9.5,9.28,4.795986175537109
500,0.05,370,6350,9.5,9.28,4.868723154067993
500,0.05,380,6445,9.5,9.28,4.941439151763916
500,0.05,390,6540,9.5,9.28,5.014123916625977
500,0.05,400,6635,9.5,9.28,5.087064027786255
500,0.05,410,6730,9.5,9.28,5.159724950790405
500,0.05,420,6825,9.5,9.28,5.232622146606445
500,0.05,430,6920,9.5,9.28,5.305410146713257
500,0.05,440,7015,9.5,9.28,5.378430128097534
500,0.05,450,7110,9.5,9.28,5.4512779712677
500,0.05,460,7205,9.5,9.28,5.5242180824279785
500,0.05,470,7300,9.5,9.28,5.596924066543579
500,0.05,480,7395,9.5,9.28,5.669753074645996
500,0.05,490,7490,9.5,9.28,5.742499113082886
500,0.05,500,7585,9.5,9.28,5.815227031707764
100,0.01,10,118,11.8,9.72,0.08018684387207031
100,0.01,20,325,20.7,16.97,0.2184748649597168
100,0.01,30,562,23.7,22.55,0.3940269947052002
100,0.01,40,858,29.6,25.69,0.5980520248413086
100,0.01,50,1097,23.9,25.42,0.790869951248169
100,0.01,60,1351,25.4,58.63,1.175353765487671
100,0.01,70,1871,52.0,24.05,1.412400722503662
100,0.01,80,2207,33.6,41.19,1.7224268913269043
100,0.01,90,2698,49.1,15.73,1.9086649417877197
100,0.01,100,2848,15.0,17.7,2.0443458557128906
100,0.01,110,3030,18.2,35.53,2.2855300903320312
100,0.01,120,3371,34.1,67.97,2.7428438663482666
100,0.01,130,4022,65.1,79.29,3.325187921524048
100,0.01,140,4718,69.6,47.47,3.733287811279297
100,0.01,150,5238,52.0,130.77,4.587312936782837
100,0.01,160,6290,105.2,81.78,5.258295059204102
100,0.01,170,7073,78.3,72.49,5.819874048233032
100,0.01,180,7756,68.3,202.37,7.149842977523804
100,0.01,190,8592,83.6,63.97,7.719231843948364
100,0.01,200,9071,47.9,100.45,8.38984489440918
100,0.01,210,9503,43.2,500.0,11.330026865005493
200,0.01,10,188,18.8,19.53,0.15320801734924316
200,0.01,20,496,30.8,15.53,0.301624059677124
200,0.01,30,687,19.1,45.77,0.6021718978881836
200,0.01,40,1121,43.4,65.37,1.0665102005004883
200,0.01,50,1734,61.3,57.39,1.5149869918823242
200,0.01,60,2193,45.9,94.36,2.150733232498169
200,0.01,70,2876,68.3,57.15,2.610132932662964
200,0.01,80,3487,61.1,17.61,2.8301608562469482
200,0.01,90,3683,19.6,125.44,3.592503070831299
200,0.01,100,4869,118.6,28.95,4.056700944900513
200,0.01,110,5173,30.4,16.89,4.219728231430054
200,0.01,120,5355,18.2,25.39,4.404711961746216
200,0.01,130,5636,28.1,171.27,5.440525054931641
200,0.01,140,6871,123.5,85.57,6.165967226028442
200,0.01,150,7439,56.8,79.55,6.740130186080933
200,0.01,160,8150,71.1,129.94,7.65858006477356
200,0.01,170,8709,55.9,61.44,8.12148404121399
200,0.01,180,9117,40.8,16.56,8.298012971878052
200,0.01,190,9308,19.1,174.89,9.339132070541382
200,0.01,200,10529,122.1,14.78,9.653493165969849
200,0.01,210,10676,14.7,14.68,9.77409315109253
200,0.01,220,10821,14.5,16.97,9.901128053665161
200,0.01,230,11006,18.5,20.38,10.0540030002594
200,0.01,240,11218,21.2,29.64,10.264941215515137
200,0.01,250,11537,31.9,112.03,10.965955018997192
200,0.01,260,12527,99.0,389.39,13.388752222061157
200,0.01,270,14721,219.4,13.1,13.887871026992798
200,0.01,280,14861,14.0,18.22,14.03428316116333
200,0.01,290,15046,18.5,35.32,14.276035070419312
200,0.01,300,15586,54.0,158.13,15.28407096862793
200,0.01,310,17127,154.1,426.94,18.021592140197754
200,0.01,320,21104,397.7,61.84,19.162583112716675
200,0.01,330,21594,49.0,71.85,19.73924207687378
200,0.01,340,22246,65.2,76.6,20.314171075820923
200,0.01,350,22910,66.4,144.97,21.256989002227783
200,0.01,360,24189,127.9,92.27,22.015279054641724
200,0.01,370,25023,83.4,141.59,22.971081018447876
200,0.01,380,26374,135.1,33.77,23.420090198516846
200,0.01,390,26754,38.0,355.9,25.55244016647339
200,0.01,400,29571,281.7,500.0,29.046799182891846
300,0.01,10,177,17.7,11.67,0.12122893333435059
300,0.01,20,412,23.5,53.39,0.4700479507446289
300,0.01,30,836,42.4,42.37,0.7877559661865234
300,0.01,40,1308,47.2,58.25,1.2082431316375732
300,0.01,50,1662,35.4,24.24,1.4186689853668213
300,0.01,60,1923,26.1,34.38,1.6710200309753418
300,0.01,70,2227,30.4,41.13,1.982586145401001
300,0.01,80,2628,40.1,27.0,2.2206919193267822
300,0.01,90,2891,26.3,56.22,2.6480720043182373
300,0.01,100,3497,60.6,42.58,3.006855010986328
300,0.01,110,3898,40.1,123.79,3.8730220794677734
300,0.01,120,5156,125.8,103.61,4.716464996337891
300,0.01,130,6259,110.3,13.2,5.0133631229400635
300,0.01,140,6394,13.5,15.74,5.139416933059692
300,0.01,150,6553,15.9,18.17,5.278512954711914
300,0.01,160,6734,18.1,15.42,5.404329061508179
300,0.01,170,6893,15.9,20.28,5.554356813430786
300,0.01,180,7094,20.1,23.64,5.730486869812012
300,0.01,190,7327,23.3,40.95,6.012568950653076
300,0.01,200,7706,37.9,31.94,6.269971132278442
300,0.01,210,8017,31.1,62.34,6.690868139266968
300,0.01,220,8540,52.3,220.52,8.06215500831604
300,0.01,230,10545,200.5,184.1,9.494704008102417
300,0.01,240,11082,53.7,291.64,11.274818897247314
300,0.01,250,13569,248.7,46.72,12.024833917617798
300,0.01,260,14031,46.2,40.29,12.358500957489014
300,0.01,270,14423,39.2,92.75,12.971214056015015
300,0.01,280,15244,82.1,87.88,13.632711172103882
300,0.01,290,16172,92.8,95.36,14.358006954193115
300,0.01,300,17039,86.7,77.76,15.010113000869751
300,0.01,310,17712,67.3,77.18,15.589720964431763
300,0.01,320,18407,69.5,60.6,16.070831060409546
300,0.01,330,19011,60.4,112.6,16.834007024765015
300,0.01,340,19933,92.2,99.11,17.578919172286987
300,0.01,350,21001,106.8,105.61,18.395854949951172
300,0.01,360,22019,101.8,229.29,19.974390029907227
300,0.01,370,23940,192.1,195.62,21.475985050201416
300,0.01,380,25795,185.5,106.8,22.46025013923645
300,0.01,390,26848,105.3,19.91,22.78684902191162
300,0.01,400,27057,20.9,34.2,23.03366994857788
300,0.01,410,27371,31.4,69.88,23.49819588661194
300,0.01,420,28037,66.6,102.89,24.219120979309082
300,0.01,430,29035,99.8,93.2,24.952774047851562
300,0.01,440,29965,93.0,40.89,25.37315011024475
300,0.01,450,30283,31.8,119.25,26.13078999519348
300,0.01,460,31448,116.5,200.84,27.548208951950073
300,0.01,470,33439,199.1,12.98,28.00107192993164
300,0.01,480,33574,13.5,13.97,28.1185519695282
300,0.01,490,33722,14.8,16.66,28.244177103042603
300,0.01,500,33901,17.9,16.05,28.369877815246582
400,0.01,10,208,20.8,21.84,0.16524219512939453
400,0.01,20,505,29.7,12.1,0.29051899909973145
400,0.01,30,680,17.5,90.53,0.8454451560974121
400,0.01,40,1092,41.2,21.52,1.0458648204803467
400,0.01,50,1333,24.1,52.24,1.429271936416626
400,0.01,60,1792,45.9,21.83,1.6446168422698975
400,0.01,70,2020,22.8,38.61,1.9142730236053467
400,0.01,80,2377,35.7,49.27,2.2680881023406982
400,0.01,90,2847,47.0,54.36,2.671722888946533
400,0.01,100,3349,50.2,96.5,3.3173329830169678
400,0.01,110,4050,70.1,47.6,3.7247190475463867
400,0.01,120,4438,38.8,30.27,3.977123975753784
400,0.01,130,4738,30.0,101.06,4.613797187805176
400,0.01,140,5339,60.1,24.83,4.870528936386108
400,0.01,150,5606,26.7,30.19,5.098575115203857
400,0.01,160,5900,29.4,34.89,5.357419967651367
400,0.01,170,6198,29.8,29.32,5.584342002868652
400,0.01,180,6497,29.9,58.61,5.979666233062744
400,0.01,190,6952,45.5,75.49,6.497963905334473
400,0.01,200,7550,59.8,105.62,7.215782165527344
400,0.01,210,8282,73.2,63.35,7.720712184906006
400,0.01,220,8925,64.3,60.36,8.19229793548584
400,0.01,230,9485,56.0,49.75,8.59147310256958
400,0.01,240,9964,47.9,44.3,8.940666198730469
400,0.01,250,10398,43.4,39.6,9.252373933792114
400,0.01,260,10779,38.1,27.67,9.485911130905151
400,0.01,270,11081,30.2,42.54,9.788936138153076
400,0.01,280,11480,39.9,54.44,10.175092935562134
400,0.01,290,12026,54.6,80.06,10.779325246810913
400,0.01,300,12859,83.3,49.9,11.288585901260376
400,0.01,310,13338,47.9,103.37,11.966270923614502
400,0.01,320,14417,107.9,20.87,12.286997079849243
400,0.01,330,14627,21.0,36.39,12.545405149459839
400,0.01,340,15002,37.5,41.53,12.858237981796265
400,0.01,350,15431,42.9,60.02,13.287549257278442
400,0.01,360,16000,56.9,414.36,15.777525901794434
400,0.01,370,19998,399.8,9.28,16.58516812324524
400,0.01,380,20093,9.5,9.28,16.67849898338318
400,0.01,390,20188,9.5,9.28,16.752986192703247
400,0.01,400,20283,9.5,9.28,16.825501203536987
400,0.01,410,20378,9.5,9.28,16.897737979888916
400,0.01,420,20473,9.5,9.28,16.969765186309814
400,0.01,430,20568,9.5,9.28,17.041635036468506
400,0.01,440,20663,9.5,9.28,17.11364507675171
400,0.01,450,20758,9.5,9.28,17.18561816215515
400,0.01,460,20853,9.5,9.28,17.25764012336731
400,0.01,470,20948,9.5,9.28,17.329622983932495
400,0.01,480,21043,9.5,9.28,17.40165615081787
400,0.01,490,21138,9.5,9.28,17.47342801094055
400,0.01,500,21233,9.5,9.28,17.54671001434326
500,0.01,10,217,21.7,14.95,0.12987112998962402
500,0.01,20,412,19.5,66.08,0.5532972812652588
500,0.01,30,1080,66.8,174.59,1.678144931793213
500,0.01,40,1723,64.3,50.49,2.0903501510620117
500,0.01,50,2077,35.4,21.36,2.281461000442505
500,0.01,60,2279,20.2,93.79,2.857060194015503
500,0.01,70,3055,77.6,89.4,3.509883165359497
500,0.01,80,3645,59.0,18.54,3.728858232498169
500,0.01,90,3820,17.5,150.52,4.664604187011719
500,0.01,100,4452,63.2,84.93,5.265964031219482
500,0.01,110,5155,70.3,31.88,5.588237047195435
500,0.01,120,5482,32.7,31.29,5.83465313911438
500,0.01,130,5818,33.6,124.16,6.6029722690582275
500,0.01,140,7046,122.8,109.74,7.452883243560791
500,0.01,150,8108,106.2,257.88,9.123852968215942
500,0.01,160,10714,260.6,149.98,10.46225619316101
500,0.01,170,12201,148.7,175.9,11.770618200302124
500,0.01,180,13729,152.8,45.79,12.331006288528442
500,0.01,190,14186,45.7,50.57,12.717519044876099
500,0.01,200,14679,49.3,115.7,13.470092058181763
500,0.01,210,15797,111.8,186.19,14.898672103881836
500,0.01,220,17521,172.4,126.02,15.936113119125366
500,0.01,230,18542,102.1,256.39,17.63534927368164
500,0.01,240,20723,218.1,158.04,18.967529296875
500,0.01,250,21927,120.4,276.34,20.85081696510315
500,0.01,260,23936,200.9,79.21,21.703243017196655
500,0.01,270,24351,41.5,315.69,23.684389114379883
500,0.01,280,25455,110.4,493.57,26.811455249786377
100,0.005,10,118,11.8,9.41,0.08562684059143066
100,0.005,20,296,17.8,9.41,0.1760408878326416
100,0.005,30,418,12.2,9.41,0.2558717727661133
100,0.005,40,550,13.2,9.41,0.3368818759918213
100,0.005,50,704,15.4,9.41,0.4216897487640381
100,0.005,60,871,16.7,39.59,0.6839406490325928
100,0.005,70,1105,23.4,19.22,0.8405008316040039
100,0.005,80,1304,19.9,49.79,1.1658270359039307
100,0.005,90,1745,44.1,29.37,1.4200079441070557
100,0.005,100,2069,32.4,48.71,1.764988899230957
100,0.005,110,2517,44.8,46.28,2.123335838317871
100,0.005,120,3053,53.6,26.41,2.3769819736480713
100,0.005,130,3310,25.7,32.72,2.6138176918029785
100,0.005,140,3685,37.5,54.53,2.9940526485443115
100,0.005,150,4243,55.8,101.91,3.673839807510376
100,0.005,160,5101,85.8,31.87,4.016362905502319
100,0.005,170,5411,31.0,36.57,4.286204814910889
100,0.005,180,5765,35.4,24.74,4.4936439990997314
100,0.005,190,6084,31.9,37.99,4.769641876220703
100,0.005,200,6493,40.9,65.11,5.227850914001465
100,0.005,210,7101,60.8,53.59,5.656577825546265
100,0.005,220,7586,48.5,160.74,6.674499988555908
100,0.005,230,8463,87.7,77.81,7.291630029678345
100,0.005,240,9062,59.9,71.11,7.818879842758179
100,0.005,250,9622,56.0,143.55,8.74233889579773
100,0.005,260,10807,118.5,500.0,11.883404016494751
200,0.005,10,188,18.8,28.68,0.20768117904663086
200,0.005,20,533,34.5,60.67,0.6308040618896484
200,0.005,30,958,42.5,34.86,0.9512829780578613
200,0.005,40,1315,35.7,53.11,1.33359694480896
200,0.005,50,1737,42.2,49.8,1.7540690898895264
200,0.005,60,2149,41.2,29.27,2.0208230018615723
200,0.005,70,2621,47.2,50.7,2.422222137451172
200,0.005,80,3076,45.5,56.35,2.9144721031188965
200,0.005,90,3683,60.7,52.65,3.335253953933716
200,0.005,100,4133,45.0,54.33,3.7411091327667236
200,0.005,110,4712,57.9,43.45,4.111963272094727
200,0.005,120,5068,35.6,82.52,4.674982309341431
200,0.005,130,5849,78.1,20.8,4.946937084197998
200,0.005,140,6062,21.3,21.76,5.118946075439453
200,0.005,150,6266,20.4,41.66,5.401697158813477
200,0.005,160,6690,42.4,130.49,6.264901161193848
200,0.005,170,7818,112.8,132.85,7.294996976852417
200,0.005,180,8987,116.9,221.75,8.843812227249146
200,0.005,190,10129,114.2,64.61,9.441534996032715
200,0.005,200,10703,57.4,47.35,9.842178106307983
200,0.005,210,11119,41.6,102.95,10.549605131149292
200,0.005,220,12077,95.8,108.17,11.38342809677124
200,0.005,230,13085,100.8,53.09,11.887830018997192
200,0.005,240,13548,46.3,44.41,12.248966932296753
200,0.005,250,13976,42.8,118.09,13.012892961502075
200,0.005,260,14828,85.2,200.32,14.331086158752441
200,0.005,270,16706,187.8,51.73,14.992823123931885
200,0.005,280,17028,32.2,130.41,15.821630954742432
200,0.005,290,17874,84.6,58.79,16.319526195526123
200,0.005,300,18370,49.6,117.32,17.093460083007812
200,0.005,310,19079,70.9,151.77,18.08410906791687
200,0.005,320,20794,171.5,219.68,19.74168300628662
200,0.005,330,22671,187.7,139.13,20.955727100372314
200,0.005,340,23982,131.1,95.71,21.7932710647583
200,0.005,350,24664,68.2,245.38,23.3578941822052
200,0.005,360,26265,160.1,485.32,26.563096046447754
300,0.005,10,177,17.7,9.3,0.09894013404846191
300,0.005,20,386,20.9,24.36,0.28104114532470703
300,0.005,30,682,29.6,70.5,0.7422902584075928
300,0.005,40,1097,41.5,95.31,1.393671989440918
300,0.005,50,1412,31.5,144.23,2.3597748279571533
300,0.005,60,1769,35.7,23.53,2.564342975616455
300,0.005,70,2027,25.8,68.97,3.0049819946289062
300,0.005,80,2592,56.5,54.68,3.4192299842834473
300,0.005,90,3209,61.7,60.53,3.8875560760498047
300,0.005,100,3834,62.5,37.97,4.227713108062744
300,0.005,110,4246,41.2,57.56,4.639609098434448
300,0.005,120,4770,52.4,49.7,5.02620792388916
300,0.005,130,5257,48.7,100.51,5.700441122055054
300,0.005,140,5964,70.7,288.17,7.47834324836731
300,0.005,150,7911,194.7,77.06,8.27915096282959
300,0.005,160,8452,54.1,160.73,9.316131114959717
300,0.005,170,9553,110.1,147.7,10.369324922561646
300,0.005,180,10260,70.7,16.75,10.60706090927124
300,0.005,190,10474,21.4,63.03,11.019129037857056
300,0.005,200,11000,52.6,127.36,11.844199895858765
300,0.005,210,11906,90.6,128.98,12.791226148605347
300,0.005,220,12929,102.3,126.23,13.726655006408691
300,0.005,230,14011,108.2,121.05,14.623399019241333
300,0.005,240,14985,97.4,154.72,15.774220943450928
300,0.005,250,16382,139.7,267.5,17.675100088119507
300,0.005,260,18193,181.1,217.94,19.309907913208008
300,0.005,270,20195,200.2,113.09,20.363261938095093
300,0.005,280,21045,85.0,306.95,22.33256220817566
300,0.005,290,23619,257.4,155.16,23.78060793876648
300,0.005,300,25027,140.8,471.11,26.87422513961792
300,0.005,310,27746,271.9,106.69,28.077781915664673
300,0.005,320,28265,51.9,500.0,31.108768939971924
400,0.005,10,208,20.8,20.28,0.16516780853271484
400,0.005,20,419,21.1,16.78,0.30762505531311035
400,0.005,30,639,22.0,44.89,0.6183030605316162
400,0.005,40,996,35.7,105.93,1.3158237934112549
400,0.005,50,1513,51.7,63.66,1.7759177684783936
400,0.005,60,1970,45.7,48.11,2.137772798538208
400,0.005,70,2521,55.1,18.92,2.349493980407715
400,0.005,80,2714,19.3,10.98,2.451796054840088
400,0.005,90,2842,12.8,9.97,2.534789800643921
400,0.005,100,2957,11.5,9.36,2.6112148761749268
400,0.005,110,3064,10.7,9.28,2.7255167961120605
400,0.005,120,3169,10.5,9.29,2.8012619018554688
400,0.005,130,3291,12.2,9.28,2.8792648315429688
400,0.005,140,3399,10.8,10.38,2.961026906967163
400,0.005,150,3523,12.4,10.47,3.0448808670043945
400,0.005,160,3646,12.3,10.75,3.1298367977142334
400,0.005,170,3780,13.4,12.96,3.2294158935546875
400,0.005,180,3929,14.9,15.73,3.3473260402679443
400,0.005,190,4085,15.6,16.31,3.4701719284057617
400,0.005,200,4285,20.0,24.56,3.6469428539276123
400,0.005,210,4564,27.9,133.49,4.472949028015137
400,0.005,220,5331,76.7,97.84,5.1960289478302
400,0.005,230,6240,90.9,54.74,5.690610885620117
400,0.005,240,6726,48.6,129.51,6.5319719314575195
400,0.005,250,7922,119.6,24.45,6.9016149044036865
400,0.005,260,8123,20.1,27.34,7.106843948364258
400,0.005,270,8374,25.1,30.26,7.328383922576904
400,0.005,280,8639,26.5,115.93,8.033716917037964
400,0.005,290,9597,95.8,221.35,9.467464923858643
400,0.005,300,10725,112.8,100.18,10.266282081604004
400,0.005,310,11661,93.6,66.45,10.835214853286743
400,0.005,320,12415,75.4,133.06,11.746894836425781
400,0.005,330,13488,107.3,226.2,13.255799770355225
400,0.005,340,14768,128.0,172.72,14.537457942962646
400,0.005,350,15449,68.1,499.96,17.68211579322815
500,0.005,10,217,21.7,12.33,0.11905097961425781
500,0.005,20,456,23.9,49.7,0.5066249370574951
500,0.005,30,876,42.0,40.89,0.8280210494995117
500,0.005,40,1205,32.9,50.78,1.276482105255127
500,0.005,50,1595,39.0,105.41,1.9704110622406006
500,0.005,60,2287,69.2,72.89,2.5235462188720703
500,0.005,70,2878,59.1,23.1,2.7743940353393555
500,0.005,80,3115,23.7,26.09,2.9759249687194824
500,0.005,90,3398,28.3,28.78,3.1978261470794678
500,0.005,100,3760,36.2,36.09,3.4757261276245117
500,0.005,110,4241,48.1,63.29,3.9310970306396484
500,0.005,120,4757,51.6,71.18,4.469478130340576
500,0.005,130,5532,77.5,46.21,4.8901190757751465
500,0.005,140,5969,43.7,140.0,5.84106707572937
500,0.005,150,6935,96.6,93.4,6.565651893615723
500,0.005,160,7683,74.8,57.88,7.047428131103516
500,0.005,170,8264,58.1,95.04,7.784703016281128
500,0.005,180,9239,97.5,55.62,8.290477991104126
500,0.005,190,9755,51.6,133.23,9.155853986740112
500,0.005,200,10966,121.1,126.43,10.10017728805542
500,0.005,210,11863,89.7,326.11,12.162631273269653
500,0.005,220,13051,118.8,499.37,15.306293964385986
100,0.001,10,118,11.8,9.41,0.0868830680847168
100,0.001,20,264,14.6,9.41,0.1700611114501953
100,0.001,30,404,14.0,9.41,0.2532961368560791
100,0.001,40,535,13.1,9.41,0.3344130516052246
100,0.001,50,673,13.8,9.41,0.4163670539855957
100,0.001,60,839,16.6,9.41,0.503572940826416
100,0.001,70,1009,17.0,9.41,0.5915720462799072
100,0.001,80,1165,15.6,9.41,0.677299976348877
100,0.001,90,1409,24.4,9.41,0.7786760330200195
100,0.001,100,1615,20.6,9.41,0.8733830451965332
100,0.001,110,1835,22.0,34.75,1.1218678951263428
100,0.001,120,2095,26.0,34.95,1.3719589710235596
100,0.001,130,2386,29.1,256.6,2.892529249191284
100,0.001,140,2666,28.0,132.84,3.698374032974243
100,0.001,150,2862,19.6,38.8,3.9582951068878174
100,0.001,160,3155,29.3,35.16,4.214709043502808
100,0.001,170,3516,36.1,110.26,4.90972113609314
100,0.001,180,3996,48.0,52.15,5.3507890701293945
100,0.001,190,4375,37.9,59.05,5.7648210525512695
100,0.001,200,4668,29.3,62.33,6.173814058303833
100,0.001,210,5121,45.3,71.57,6.663470029830933
100,0.001,220,5505,38.4,69.17,7.1287829875946045
100,0.001,230,5937,43.2,68.11,7.596089124679565
100,0.001,240,6441,50.4,66.71,8.069042921066284
100,0.001,250,6755,31.4,52.16,8.433793067932129
100,0.001,260,7099,34.4,78.37,8.951071977615356
100,0.001,270,7628,52.9,126.11,9.779165267944336
100,0.001,280,8105,47.7,145.85,10.695345163345337
100,0.001,290,8668,56.3,76.82,11.258337020874023
100,0.001,300,9155,48.7,133.46,12.12366509437561
100,0.001,310,9701,54.6,96.35,12.782554149627686
100,0.001,320,10167,46.6,77.38,13.36379098892212
100,0.001,330,10825,65.8,107.55,14.106181144714355
100,0.001,340,11387,56.2,109.17,14.847341060638428
100,0.001,350,12151,76.4,122.04,15.693922996520996
100,0.001,360,12596,44.5,230.07,17.11341094970703
100,0.001,370,13224,62.8,179.06,18.257490873336792
100,0.001,380,13995,77.1,218.01,19.65206503868103
100,0.001,390,14770,77.5,139.5,20.60644006729126
100,0.001,400,15597,82.7,248.38,22.236650943756104
100,0.001,410,16545,94.8,327.8,24.281064987182617
100,0.001,420,17409,86.4,293.82,26.144810914993286
100,0.001,430,18443,103.4,482.14,29.11270809173584
200,0.001,10,188,18.8,12.67,0.1172628402709961
200,0.001,20,438,25.0,20.92,0.2839059829711914
200,0.001,30,662,22.4,29.98,0.49736976623535156
200,0.001,40,982,32.0,45.57,0.8132719993591309
200,0.001,50,1278,29.6,48.77,1.1478221416473389
200,0.001,60,1521,24.3,49.91,1.5310378074645996
200,0.001,70,1917,39.6,50.88,1.903702974319458
200,0.001,80,2201,28.4,54.26,2.2731149196624756
200,0.001,90,2524,32.3,45.79,2.6015398502349854
200,0.001,100,2870,34.6,61.69,3.0243237018585205
200,0.001,110,3329,45.9,63.71,3.4795970916748047
200,0.001,120,3698,36.9,49.06,3.8338449001312256
200,0.001,130,4275,57.7,54.4,4.256398677825928
200,0.001,140,4626,35.1,50.27,4.616835832595825
200,0.001,150,5101,47.5,63.14,5.072080850601196
200,0.001,160,5522,42.1,55.54,5.475002765655518
200,0.001,170,5851,32.9,56.9,5.864804744720459
200,0.001,180,6295,44.4,56.65,6.281402826309204
200,0.001,190,6713,41.8,57.05,6.690773010253906
200,0.001,200,7047,33.4,69.78,7.1593358516693115
200,0.001,210,7537,49.0,64.48,7.62231183052063
200,0.001,220,8016,47.9,75.49,8.149146795272827
200,0.001,230,8667,65.1,54.11,8.59325098991394
200,0.001,240,9236,56.9,48.77,8.978216886520386
200,0.001,250,9620,38.4,52.21,9.346553802490234
200,0.001,260,10135,51.5,58.93,9.78112006187439
200,0.001,270,10695,56.0,67.27,10.278353929519653
200,0.001,280,11155,46.0,74.24,10.839116096496582
200,0.001,290,11845,69.0,86.41,11.476114988327026
200,0.001,300,12371,52.6,70.97,12.005314111709595
200,0.001,310,12988,61.7,80.62,12.577155828475952
200,0.001,320,13527,53.9,75.46,13.355201959609985
200,0.001,330,14208,68.1,58.4,13.838304042816162
200,0.001,340,14683,47.5,63.42,14.300410747528076
200,0.001,350,15198,51.5,66.46,14.785887956619263
200,0.001,360,15704,50.6,86.72,15.42386507987976
200,0.001,370,16189,48.5,82.07,15.996157884597778
200,0.001,380,16883,69.4,99.16,16.70063090324402
200,0.001,390,17286,40.3,79.1,17.24227499961853
200,0.001,400,17696,41.0,72.53,17.807172775268555
200,0.001,410,18279,58.3,78.13,18.383335828781128
200,0.001,420,18899,62.0,141.74,19.384495735168457
200,0.001,430,19547,64.8,151.95,20.3917019367218
200,0.001,440,20284,73.7,103.6,21.12905788421631
200,0.001,450,20858,57.4,158.94,22.15650987625122
200,0.001,460,21782,92.4,118.68,23.003566026687622
200,0.001,470,22635,85.3,196.11,24.344570875167847
200,0.001,480,23550,91.5,189.44,25.638530015945435
200,0.001,490,24474,92.4,118.14,26.48702883720398
200,0.001,500,25079,60.5,131.73,27.4323468208313
300,0.001,10,177,17.7,9.28,0.09609031677246094
300,0.001,20,383,20.6,9.56,0.1956033706665039
300,0.001,30,645,26.2,12.9,0.32460713386535645
300,0.001,40,856,21.1,19.97,0.4850902557373047
300,0.001,50,1136,28.0,42.1,0.7919571399688721
300,0.001,60,1433,29.7,67.2,1.2407002449035645
300,0.001,70,1846,41.3,36.85,1.5395410060882568
300,0.001,80,2158,31.2,37.52,1.8952083587646484
300,0.001,90,2551,39.3,41.16,2.2191271781921387
300,0.001,100,2842,29.1,41.25,2.522557258605957
300,0.001,110,3179,33.7,39.53,2.825820207595825
300,0.001,120,3504,32.5,43.8,3.1596500873565674
300,0.001,130,3875,37.1,47.17,3.5817861557006836
300,0.001,140,4249,37.4,64.29,4.044351100921631
300,0.001,150,4712,46.3,131.14,4.93048620223999
300,0.001,160,5133,42.1,135.02,5.81230902671814
300,0.001,170,5567,43.4,82.05,6.3691442012786865
300,0.001,180,6066,49.9,51.47,6.838018178939819
300,0.001,190,6554,48.8,54.87,7.259821176528931
300,0.001,200,7088,53.4,67.89,7.757959365844727
300,0.001,210,7484,39.6,110.82,8.463507175445557
300,0.001,220,7997,51.3,116.58,9.237468242645264
300,0.001,230,8661,66.4,135.17,10.156817197799683
300,0.001,240,9361,70.0,146.74,11.140732288360596
300,0.001,250,9930,56.9,165.13,12.208718061447144
300,0.001,260,10463,53.3,196.21,13.4778151512146
300,0.001,270,11053,59.0,103.23,14.17394733428955
300,0.001,280,11624,57.1,125.31,14.99306321144104
300,0.001,290,12218,59.4,204.69,16.297744274139404
300,0.001,300,13033,81.5,164.09,17.381617307662964
300,0.001,310,13770,73.7,147.74,18.356964111328125
300,0.001,320,14691,92.1,170.74,19.529423236846924
300,0.001,330,15488,79.7,235.33,21.08089518547058
300,0.001,340,16358,87.0,114.54,21.906734228134155
300,0.001,350,16886,52.8,136.75,22.80349636077881
300,0.001,360,18415,152.9,99.67,23.6655912399292
300,0.001,370,19106,69.1,216.09,25.12310218811035
300,0.001,380,20330,122.4,171.3,26.407877206802368
300,0.001,390,21300,97.0,189.62,27.708641052246094
300,0.001,400,22410,111.0,249.86,29.373852252960205
300,0.001,410,23609,119.9,256.72,31.07725214958191
300,0.001,420,24834,122.5,178.62,32.38060808181763
300,0.001,430,26136,130.2,317.22,34.47290110588074
300,0.001,440,27570,143.4,119.89,35.44067096710205
300,0.001,450,28406,83.6,262.79,37.118627071380615
300,0.001,460,30698,229.2,490.0,40.550854206085205
400,0.001,10,208,20.8,17.09,0.1563279628753662
400,0.001,20,442,23.4,19.63,0.36570215225219727
400,0.001,30,658,21.6,21.73,0.5444080829620361
400,0.001,40,926,26.8,43.45,0.8811488151550293
400,0.001,50,1223,29.7,60.21,1.2808020114898682
400,0.001,60,1544,32.1,61.06,1.6850769519805908
400,0.001,70,2018,47.4,50.7,2.0652668476104736
400,0.001,80,2540,52.2,68.12,2.56644606590271
400,0.001,90,3023,48.3,76.65,3.0952329635620117
400,0.001,100,3437,41.4,60.33,3.5210371017456055
400,0.001,110,3836,39.9,73.32,4.0849878787994385
400,0.001,120,4463,62.7,74.1,4.636651039123535
400,0.001,130,4962,49.9,85.49,5.216240882873535
400,0.001,140,5555,59.3,113.03,5.98827600479126
400,0.001,150,5981,42.6,71.36,6.535757064819336
400,0.001,160,6452,47.1,65.17,6.995415925979614
400,0.001,170,6858,40.6,65.88,7.4466869831085205
400,0.001,180,7482,62.4,98.7,8.11989974975586
400,0.001,190,7899,41.7,99.63,8.766759872436523
400,0.001,200,8563,66.4,78.54,9.43482494354248
400,0.001,210,8909,34.6,75.75,9.997990846633911
400,0.001,220,9435,52.6,77.28,10.553837060928345
400,0.001,230,9962,52.7,86.81,11.231031894683838
400,0.001,240,10461,49.9,82.79,11.806702136993408
400,0.001,250,11093,63.2,131.48,12.697393894195557
400,0.001,260,11802,70.9,139.34,13.627007961273193
400,0.001,270,12478,67.6,75.83,14.197747945785522
400,0.001,280,12945,46.7,132.77,15.096041917800903
400,0.001,290,13434,48.9,87.8,15.687374114990234
400,0.001,300,14102,66.8,72.8,16.225921869277954
400,0.001,310,14750,64.8,84.94,16.829182863235474
400,0.001,320,15325,57.5,105.17,17.56385087966919
400,0.001,330,16141,81.6,149.96,18.72251796722412
400,0.001,340,16875,73.4,211.64,20.14142107963562
400,0.001,350,17603,72.8,117.14,20.97427988052368
400,0.001,360,18400,79.7,335.87,23.059720993041992
400,0.001,370,19311,91.1,298.99,24.96824073791504
400,0.001,380,20087,77.6,283.56,26.75654697418213
400,0.001,390,21073,98.6,427.51,29.41851806640625
400,0.001,400,21816,74.3,361.8,31.680604934692383
400,0.001,410,22906,109.0,122.87,32.58063507080078
400,0.001,420,23591,68.5,274.08,34.26731204986572
400,0.001,430,24771,118.0,349.09,36.50405287742615
400,0.001,440,25626,85.5,428.74,39.22032189369202
400,0.001,450,26743,111.7,316.38,41.28362202644348
400,0.001,460,27637,89.4,91.08,41.975369930267334
400,0.001,470,28469,83.2,137.38,42.93263006210327
400,0.001,480,29330,86.1,146.55,43.98675894737244
400,0.001,490,30673,134.3,283.54,45.870763063430786
400,0.001,500,32678,200.5,500.0,49.078367948532104
500,0.001,10,217,21.7,9.28,0.12281012535095215
500,0.001,20,416,19.9,84.59,0.6853921413421631
500,0.001,30,665,24.9,9.28,0.790463924407959
500,0.001,40,909,24.4,9.28,0.8958351612091064
500,0.001,50,1081,17.2,14.08,1.023130178451538
500,0.001,60,1330,24.9,71.57,1.4953148365020752
500,0.001,70,1639,30.9,34.84,1.7590289115905762
500,0.001,80,1951,31.2,45.39,2.083693027496338
500,0.001,90,2291,34.0,82.46,2.624778985977173
500,0.001,100,2801,51.0,151.07,3.593787908554077
500,0.001,110,3142,34.1,89.51,4.177475929260254
500,0.001,120,3488,34.6,57.92,4.578747034072876
500,0.001,130,3810,32.2,153.81,5.52292799949646
500,0.001,140,4137,32.7,171.15,6.590442895889282
500,0.001,150,4584,44.7,87.66,7.19160795211792
500,0.001,160,5044,46.0,149.15,8.187242984771729
500,0.001,170,5485,44.1,98.04,8.839066982269287
500,0.001,180,6046,56.1,178.49,9.974140882492065
500,0.001,190,6662,61.6,120.21,10.78171992301941
500,0.001,200,7257,59.5,127.1,11.628134965896606
500,0.001,210,7781,52.4,135.17,12.554251909255981
500,0.001,220,8295,51.4,193.53,13.770396947860718
500,0.001,230,8797,50.2,128.73,14.62575101852417
500,0.001,240,9457,66.0,281.92,16.373555898666382
500,0.001,250,10031,57.4,181.99,17.541703939437866
500,0.001,260,10680,64.9,417.22,20.074431896209717
500,0.001,270,11317,63.7,134.98,21.004498958587646
500,0.001,280,11793,47.6,128.99,21.848144054412842
500,0.001,290,12581,78.8,165.13,23.017372846603394
500,0.001,300,13576,99.5,307.6,24.973297119140625
500,0.001,310,14426,85.0,163.9,26.078618049621582
500,0.001,320,15730,130.4,211.59,27.542593955993652
500,0.001,330,16949,121.9,156.18,28.67620086669922
500,0.001,340,17913,96.4,284.81,30.49888300895691
500,0.001,350,19089,117.6,422.26,33.134138107299805
500,0.001,360,19958,86.9,500.0,36.22995615005493
