seed,lr,damping,global_episode,total_steps,train_mean_reward,eval_mean_reward,time_seconds,grad_norm,fim_condition_number
100,1.0,N/A,10,118,11.8,9.28,0.09850692749023438,27.849515914916992,N/A
100,1.0,N/A,20,213,9.5,9.28,0.17170119285583496,0.0,N/A
100,1.0,N/A,30,308,9.5,9.28,0.24399399757385254,0.0,N/A
100,1.0,N/A,40,403,9.5,9.28,0.31624603271484375,0.0,N/A
100,1.0,N/A,50,498,9.5,9.28,0.3882899284362793,0.0,N/A
100,1.0,N/A,60,593,9.5,9.28,0.4601449966430664,0.0,N/A
100,1.0,N/A,70,688,9.5,9.28,0.5319719314575195,0.0,N/A
100,1.0,N/A,80,783,9.5,9.28,0.6038088798522949,0.0,N/A
100,1.0,N/A,90,878,9.5,9.28,0.6755261421203613,0.0,N/A
100,1.0,N/A,100,973,9.5,9.28,0.7470729351043701,0.0,N/A
100,1.0,N/A,110,1068,9.5,9.28,0.8187949657440186,0.0,N/A
100,1.0,N/A,120,1163,9.5,9.28,0.8908982276916504,0.0,N/A
100,1.0,N/A,130,1258,9.5,9.28,0.9623870849609375,0.0,N/A
100,1.0,N/A,140,1353,9.5,9.28,1.0338709354400635,0.0,N/A
100,1.0,N/A,150,1448,9.5,9.28,1.105445146560669,0.0,N/A
100,1.0,N/A,160,1543,9.5,9.28,1.1770150661468506,0.0,N/A
100,1.0,N/A,170,1638,9.5,9.28,1.2484331130981445,0.0,N/A
100,1.0,N/A,180,1733,9.5,9.28,1.3198950290679932,0.0,N/A
100,1.0,N/A,190,1828,9.5,9.28,1.3915162086486816,0.0,N/A
100,1.0,N/A,200,1923,9.5,9.28,1.4630370140075684,0.0,N/A
100,1.0,N/A,210,2018,9.5,9.28,1.534393072128296,0.0,N/A
100,1.0,N/A,220,2113,9.5,9.28,1.605727195739746,0.0,N/A
100,1.0,N/A,230,2208,9.5,9.28,1.6771559715270996,0.0,N/A
100,1.0,N/A,240,2303,9.5,9.28,1.7485699653625488,0.0,N/A
100,1.0,N/A,250,2398,9.5,9.28,1.8199920654296875,0.0,N/A
100,1.0,N/A,260,2493,9.5,9.28,1.8915581703186035,0.0,N/A
100,1.0,N/A,270,2588,9.5,9.28,1.962867021560669,0.0,N/A
100,1.0,N/A,280,2683,9.5,9.28,2.0341150760650635,0.0,N/A
100,1.0,N/A,290,2778,9.5,9.28,2.105278253555298,0.0,N/A
100,1.0,N/A,300,2873,9.5,9.28,2.1762499809265137,0.0,N/A
100,1.0,N/A,310,2968,9.5,9.28,2.247540235519409,0.0,N/A
100,1.0,N/A,320,3063,9.5,9.28,2.3187739849090576,0.0,N/A
100,1.0,N/A,330,3158,9.5,9.28,2.3901400566101074,0.0,N/A
100,1.0,N/A,340,3253,9.5,9.28,2.4613070487976074,0.0,N/A
100,1.0,N/A,350,3348,9.5,9.28,2.5326361656188965,0.0,N/A
100,1.0,N/A,360,3443,9.5,9.28,2.6038830280303955,0.0,N/A
100,1.0,N/A,370,3538,9.5,9.28,2.675118923187256,0.0,N/A
100,1.0,N/A,380,3633,9.5,9.28,2.746337890625,0.0,N/A
100,1.0,N/A,390,3728,9.5,9.28,2.8175320625305176,0.0,N/A
100,1.0,N/A,400,3823,9.5,9.28,2.8890721797943115,0.0,N/A
100,1.0,N/A,410,3918,9.5,9.28,2.9603450298309326,0.0,N/A
100,1.0,N/A,420,4013,9.5,9.28,3.0315511226654053,0.0,N/A
100,1.0,N/A,430,4108,9.5,9.28,3.1027140617370605,0.0,N/A
100,1.0,N/A,440,4203,9.5,9.28,3.1739041805267334,0.0,N/A
100,1.0,N/A,450,4298,9.5,9.28,3.2450690269470215,0.0,N/A
100,1.0,N/A,460,4393,9.5,9.28,3.316288948059082,0.0,N/A
100,1.0,N/A,470,4488,9.5,9.28,3.387701988220215,0.0,N/A
100,1.0,N/A,480,4583,9.5,9.28,3.4589102268218994,0.0,N/A
100,1.0,N/A,490,4678,9.5,9.28,3.5301239490509033,0.0,N/A
100,1.0,N/A,500,4773,9.5,9.28,3.601231098175049,0.0,N/A
200,1.0,N/A,10,188,18.8,14.96,0.12386202812194824,54.391075134277344,N/A
200,1.0,N/A,20,344,15.6,9.28,0.20702624320983887,49.928466796875,N/A
200,1.0,N/A,30,439,9.5,9.28,0.2793290615081787,0.0,N/A
200,1.0,N/A,40,534,9.5,9.28,0.3508591651916504,0.0,N/A
200,1.0,N/A,50,629,9.5,9.28,0.4225490093231201,0.0,N/A
200,1.0,N/A,60,724,9.5,9.28,0.4938781261444092,0.0,N/A
200,1.0,N/A,70,819,9.5,9.28,0.5654420852661133,0.0,N/A
200,1.0,N/A,80,914,9.5,9.28,0.6368272304534912,0.0,N/A
200,1.0,N/A,90,1009,9.5,9.28,0.7084271907806396,0.0,N/A
200,1.0,N/A,100,1104,9.5,9.28,0.7798902988433838,0.0,N/A
200,1.0,N/A,110,1199,9.5,9.28,0.9208650588989258,0.0,N/A
200,1.0,N/A,120,1294,9.5,9.28,0.9964592456817627,0.0,N/A
200,1.0,N/A,130,1389,9.5,9.28,1.0707881450653076,0.0,N/A
200,1.0,N/A,140,1484,9.5,9.28,1.1448242664337158,0.0,N/A
200,1.0,N/A,150,1579,9.5,9.28,1.2185642719268799,0.0,N/A
200,1.0,N/A,160,1674,9.5,9.28,1.2921972274780273,0.0,N/A
200,1.0,N/A,170,1769,9.5,9.28,1.3656723499298096,0.0,N/A
200,1.0,N/A,180,1864,9.5,9.28,1.4391810894012451,0.0,N/A
200,1.0,N/A,190,1959,9.5,9.28,1.5133702754974365,0.0,N/A
200,1.0,N/A,200,2054,9.5,9.28,1.5918610095977783,0.0,N/A
200,1.0,N/A,210,2149,9.5,9.28,1.665722131729126,0.0,N/A
200,1.0,N/A,220,2244,9.5,9.28,1.7394452095031738,0.0,N/A
200,1.0,N/A,230,2339,9.5,9.28,1.8139173984527588,0.0,N/A
200,1.0,N/A,240,2434,9.5,9.28,1.8882932662963867,0.0,N/A
200,1.0,N/A,250,2529,9.5,9.28,1.9620411396026611,0.0,N/A
200,1.0,N/A,260,2624,9.5,9.28,2.035630226135254,0.0,N/A
200,1.0,N/A,270,2719,9.5,9.28,2.1090171337127686,0.0,N/A
200,1.0,N/A,280,2814,9.5,9.28,2.1822330951690674,0.0,N/A
200,1.0,N/A,290,2909,9.5,9.28,2.2553391456604004,0.0,N/A
200,1.0,N/A,300,3004,9.5,9.28,2.328301191329956,0.0,N/A
200,1.0,N/A,310,3099,9.5,9.28,2.401076316833496,0.0,N/A
200,1.0,N/A,320,3194,9.5,9.28,2.4737842082977295,0.0,N/A
200,1.0,N/A,330,3289,9.5,9.28,2.553354024887085,0.0,N/A
200,1.0,N/A,340,3384,9.5,9.28,2.6292622089385986,0.0,N/A
200,1.0,N/A,350,3479,9.5,9.28,2.702646017074585,0.0,N/A
200,1.0,N/A,360,3574,9.5,9.28,2.776329278945923,0.0,N/A
200,1.0,N/A,370,3669,9.5,9.28,2.8519091606140137,0.0,N/A
200,1.0,N/A,380,3764,9.5,9.28,2.9323673248291016,0.0,N/A
200,1.0,N/A,390,3859,9.5,9.28,3.0070641040802,0.0,N/A
200,1.0,N/A,400,3954,9.5,9.28,3.081127405166626,0.0,N/A
200,1.0,N/A,410,4049,9.5,9.28,3.1542043685913086,0.0,N/A
200,1.0,N/A,420,4144,9.5,9.28,3.2264292240142822,0.0,N/A
200,1.0,N/A,430,4239,9.5,9.28,3.2983992099761963,0.0,N/A
200,1.0,N/A,440,4334,9.5,9.28,3.370232105255127,0.0,N/A
200,1.0,N/A,450,4429,9.5,9.28,3.4418821334838867,0.0,N/A
200,1.0,N/A,460,4524,9.5,9.28,3.5141963958740234,0.0,N/A
200,1.0,N/A,470,4619,9.5,9.28,3.5867552757263184,0.0,N/A
200,1.0,N/A,480,4714,9.5,9.28,3.6584062576293945,0.0,N/A
200,1.0,N/A,490,4809,9.5,9.28,3.7437102794647217,0.0,N/A
200,1.0,N/A,500,4904,9.5,9.28,3.8386282920837402,0.0,N/A
300,1.0,N/A,10,177,17.7,26.35,0.200822114944458,9.231864929199219,N/A
300,1.0,N/A,20,436,25.9,21.46,0.3751051425933838,39.13810348510742,N/A
300,1.0,N/A,30,651,21.5,9.28,0.47166991233825684,10.586038589477539,N/A
300,1.0,N/A,40,746,9.5,9.28,0.5460851192474365,0.0,N/A
300,1.0,N/A,50,841,9.5,10.21,0.6255369186401367,23.95876121520996,N/A
300,1.0,N/A,60,947,10.6,9.86,0.7072539329528809,23.20157814025879,N/A
300,1.0,N/A,70,1047,10.0,9.36,0.797170877456665,6.552205562591553,N/A
300,1.0,N/A,80,1143,9.6,9.36,0.8802812099456787,9.59941291809082,N/A
300,1.0,N/A,90,1239,9.6,9.28,0.9371449947357178,29.268260955810547,N/A
300,1.0,N/A,100,1334,9.5,9.28,0.9801540374755859,0.0,N/A
300,1.0,N/A,110,1429,9.5,9.28,1.0262820720672607,0.0,N/A
300,1.0,N/A,120,1524,9.5,9.28,1.071174144744873,0.0,N/A
300,1.0,N/A,130,1619,9.5,9.28,1.1168601512908936,0.0,N/A
300,1.0,N/A,140,1714,9.5,9.28,1.2008922100067139,0.0,N/A
300,1.0,N/A,150,1809,9.5,9.28,1.2473411560058594,0.0,N/A
300,1.0,N/A,160,1904,9.5,9.28,1.324580192565918,0.0,N/A
300,1.0,N/A,170,1999,9.5,9.28,1.36918306350708,0.0,N/A
300,1.0,N/A,180,2094,9.5,9.28,1.4129531383514404,0.0,N/A
300,1.0,N/A,190,2189,9.5,9.28,1.4574329853057861,0.0,N/A
300,1.0,N/A,200,2284,9.5,9.28,1.5001819133758545,0.0,N/A
300,1.0,N/A,210,2379,9.5,9.28,1.5433032512664795,0.0,N/A
300,1.0,N/A,220,2474,9.5,9.28,1.5853931903839111,0.0,N/A
300,1.0,N/A,230,2569,9.5,9.28,1.627648115158081,0.0,N/A
300,1.0,N/A,240,2664,9.5,9.28,1.6697368621826172,0.0,N/A
300,1.0,N/A,250,2759,9.5,9.28,1.7116360664367676,0.0,N/A
300,1.0,N/A,260,2854,9.5,9.28,1.7534708976745605,0.0,N/A
300,1.0,N/A,270,2949,9.5,9.28,1.7952210903167725,0.0,N/A
300,1.0,N/A,280,3044,9.5,9.28,1.8370811939239502,0.0,N/A
300,1.0,N/A,290,3139,9.5,9.28,1.8788321018218994,0.0,N/A
300,1.0,N/A,300,3234,9.5,9.28,1.920659065246582,0.0,N/A
300,1.0,N/A,310,3329,9.5,9.28,1.9624691009521484,0.0,N/A
300,1.0,N/A,320,3424,9.5,9.28,2.0041871070861816,0.0,N/A
300,1.0,N/A,330,3519,9.5,9.28,2.0459649562835693,0.0,N/A
300,1.0,N/A,340,3614,9.5,9.28,2.087768077850342,0.0,N/A
300,1.0,N/A,350,3709,9.5,9.28,2.129486083984375,0.0,N/A
300,1.0,N/A,360,3804,9.5,9.28,2.1711931228637695,0.0,N/A
300,1.0,N/A,370,3899,9.5,9.28,2.213670253753662,0.0,N/A
300,1.0,N/A,380,3994,9.5,9.28,2.2556910514831543,0.0,N/A
300,1.0,N/A,390,4089,9.5,9.28,2.297884941101074,0.0,N/A
300,1.0,N/A,400,4184,9.5,9.28,2.3399758338928223,0.0,N/A
300,1.0,N/A,410,4279,9.5,9.28,2.381840229034424,0.0,N/A
300,1.0,N/A,420,4374,9.5,9.28,2.425382137298584,0.0,N/A
300,1.0,N/A,430,4469,9.5,9.28,2.46818208694458,0.0,N/A
300,1.0,N/A,440,4564,9.5,9.28,2.5123231410980225,0.0,N/A
300,1.0,N/A,450,4659,9.5,9.28,2.554960250854492,0.0,N/A
300,1.0,N/A,460,4754,9.5,9.28,2.597926139831543,0.0,N/A
300,1.0,N/A,470,4849,9.5,9.28,2.640233039855957,0.0,N/A
300,1.0,N/A,480,4944,9.5,9.28,2.682225227355957,0.0,N/A
300,1.0,N/A,490,5039,9.5,9.28,2.723755121231079,0.0,N/A
300,1.0,N/A,500,5134,9.5,9.28,2.7650511264801025,0.0,N/A
400,1.0,N/A,10,208,20.8,21.1,0.09515213966369629,23.060388565063477,N/A
400,1.0,N/A,20,419,21.1,54.31,0.2941582202911377,35.49432373046875,N/A
400,1.0,N/A,30,928,50.9,47.69,0.5036633014678955,10.613648414611816,N/A
400,1.0,N/A,40,1408,48.0,26.29,0.641383171081543,25.528615951538086,N/A
400,1.0,N/A,50,1680,27.2,15.95,0.7245981693267822,17.273950576782227,N/A
400,1.0,N/A,60,1845,16.5,10.76,0.7792420387268066,28.973257064819336,N/A
400,1.0,N/A,70,1956,11.1,10.44,0.8351333141326904,7.522084712982178,N/A
400,1.0,N/A,80,2063,10.7,10.01,0.893552303314209,0.44435927271842957,N/A
400,1.0,N/A,90,2166,10.3,12.04,0.949397087097168,79.95259857177734,N/A
400,1.0,N/A,100,2290,12.4,13.87,1.0116512775421143,0.06994682550430298,N/A
400,1.0,N/A,110,2431,14.1,15.88,1.0844192504882812,3.5065109729766846,N/A
400,1.0,N/A,120,2594,16.3,17.64,1.16133713722229,0.524243950843811,N/A
400,1.0,N/A,130,2774,18.0,20.75,1.2488961219787598,6.446285724639893,N/A
400,1.0,N/A,140,2986,21.2,21.1,1.3404581546783447,28.853803634643555,N/A
400,1.0,N/A,150,3201,21.5,21.26,1.433159351348877,0.01846316270530224,N/A
400,1.0,N/A,160,3420,21.9,21.15,1.5254542827606201,7.316547870635986,N/A
400,1.0,N/A,170,3635,21.5,20.75,1.6167659759521484,5.250015735626221,N/A
400,1.0,N/A,180,3846,21.1,18.43,1.6998291015625,32.06090545654297,N/A
400,1.0,N/A,190,4031,18.5,16.3,1.773597240447998,14.0626220703125,N/A
400,1.0,N/A,200,4197,16.6,15.25,1.845459222793579,0.11938589066267014,N/A
400,1.0,N/A,210,4354,15.7,14.04,1.9105212688446045,1.0523496866226196,N/A
400,1.0,N/A,220,4499,14.5,12.93,1.9693901538848877,5.179143905639648,N/A
400,1.0,N/A,230,4629,13.0,12.19,2.023963212966919,1.8966270685195923,N/A
400,1.0,N/A,240,4755,12.6,12.05,2.0778472423553467,7.164931774139404,N/A
400,1.0,N/A,250,4879,12.4,12.17,2.1315441131591797,17.753131866455078,N/A
400,1.0,N/A,260,5005,12.6,12.32,2.1861162185668945,0.8849756121635437,N/A
400,1.0,N/A,270,5131,12.6,12.42,2.2407360076904297,2.152026653289795,N/A
400,1.0,N/A,280,5259,12.8,12.48,2.2963032722473145,0.5446800589561462,N/A
400,1.0,N/A,290,5387,12.8,12.54,2.351576089859009,0.1538470983505249,N/A
400,1.0,N/A,300,5515,12.8,13.27,2.409456253051758,21.744556427001953,N/A
400,1.0,N/A,310,5651,13.6,14.4,2.472679376602173,4.964696884155273,N/A
400,1.0,N/A,320,5797,14.6,14.92,2.538691282272339,7.17464017868042,N/A
400,1.0,N/A,330,5947,15.0,15.3,2.605931043624878,0.9131443500518799,N/A
400,1.0,N/A,340,6105,15.8,13.68,2.668161153793335,80.20587158203125,N/A
400,1.0,N/A,350,6245,14.0,12.56,2.7248473167419434,0.32934340834617615,N/A
400,1.0,N/A,360,6373,12.8,11.29,2.77591609954834,47.391929626464844,N/A
400,1.0,N/A,370,6487,11.4,10.61,2.8394932746887207,0.015588105656206608,N/A
400,1.0,N/A,380,6595,10.8,9.97,2.885881185531616,0.24648110568523407,N/A
400,1.0,N/A,390,6698,10.3,9.53,2.9292590618133545,0.0011096502421423793,N/A
400,1.0,N/A,400,6795,9.7,9.36,2.971428155899048,3.1353280544281006,N/A
400,1.0,N/A,410,6891,9.6,9.28,3.0129222869873047,0.2162439078092575,N/A
400,1.0,N/A,420,6986,9.5,9.28,3.054415225982666,0.06138380989432335,N/A
400,1.0,N/A,430,7081,9.5,9.28,3.0957603454589844,0.12546557188034058,N/A
400,1.0,N/A,440,7176,9.5,9.28,3.137000322341919,0.0,N/A
400,1.0,N/A,450,7271,9.5,9.28,3.1782472133636475,0.0,N/A
400,1.0,N/A,460,7366,9.5,9.28,3.219578266143799,0.0,N/A
400,1.0,N/A,470,7461,9.5,9.28,3.260744333267212,0.0,N/A
400,1.0,N/A,480,7556,9.5,9.28,3.301990270614624,0.0,N/A
400,1.0,N/A,490,7651,9.5,9.28,3.3433799743652344,0.0,N/A
400,1.0,N/A,500,7746,9.5,9.28,3.384510040283203,0.0,N/A
500,1.0,N/A,10,217,21.7,9.41,0.05516695976257324,65.59723663330078,N/A
500,1.0,N/A,20,310,9.3,9.41,0.09842491149902344,4.281673431396484,N/A
500,1.0,N/A,30,403,9.3,9.41,0.1410987377166748,0.0,N/A
500,1.0,N/A,40,496,9.3,9.41,0.18355679512023926,0.0,N/A
500,1.0,N/A,50,589,9.3,9.41,0.22595000267028809,0.0,N/A
500,1.0,N/A,60,682,9.3,9.41,0.26812195777893066,0.0,N/A
500,1.0,N/A,70,775,9.3,9.41,0.31037402153015137,0.0,N/A
500,1.0,N/A,80,868,9.3,9.41,0.35248899459838867,0.0,N/A
500,1.0,N/A,90,961,9.3,9.41,0.39480090141296387,0.0,N/A
500,1.0,N/A,100,1054,9.3,9.41,0.4369170665740967,0.0,N/A
500,1.0,N/A,110,1147,9.3,9.41,0.4791219234466553,0.0,N/A
500,1.0,N/A,120,1240,9.3,9.41,0.5212738513946533,0.0,N/A
500,1.0,N/A,130,1333,9.3,9.41,0.5633847713470459,0.0,N/A
500,1.0,N/A,140,1426,9.3,9.41,0.605435848236084,0.0,N/A
500,1.0,N/A,150,1519,9.3,9.41,0.6475260257720947,0.0,N/A
500,1.0,N/A,160,1612,9.3,9.41,0.6895320415496826,0.0,N/A
500,1.0,N/A,170,1705,9.3,9.41,0.7316486835479736,0.0,N/A
500,1.0,N/A,180,1798,9.3,9.41,0.7736668586730957,0.0,N/A
500,1.0,N/A,190,1891,9.3,9.41,0.8155829906463623,0.0,N/A
500,1.0,N/A,200,1984,9.3,9.41,0.8575229644775391,0.0,N/A
500,1.0,N/A,210,2077,9.3,9.41,0.9006967544555664,0.0,N/A
500,1.0,N/A,220,2170,9.3,9.41,0.9449260234832764,0.0,N/A
500,1.0,N/A,230,2263,9.3,9.41,0.9873318672180176,0.0,N/A
500,1.0,N/A,240,2356,9.3,9.41,1.0293869972229004,0.0,N/A
500,1.0,N/A,250,2449,9.3,9.41,1.0715947151184082,0.0,N/A
500,1.0,N/A,260,2542,9.3,9.41,1.1131489276885986,0.0,N/A
500,1.0,N/A,270,2635,9.3,9.41,1.1549367904663086,0.0,N/A
500,1.0,N/A,280,2728,9.3,9.41,1.1963908672332764,0.0,N/A
500,1.0,N/A,290,2821,9.3,9.41,1.237945795059204,0.0,N/A
500,1.0,N/A,300,2914,9.3,9.41,1.2797479629516602,0.0,N/A
500,1.0,N/A,310,3007,9.3,9.41,1.3214809894561768,0.0,N/A
500,1.0,N/A,320,3100,9.3,9.41,1.3628408908843994,0.0,N/A
500,1.0,N/A,330,3193,9.3,9.41,1.404087781906128,0.0,N/A
500,1.0,N/A,340,3286,9.3,9.41,1.4453778266906738,0.0,N/A
500,1.0,N/A,350,3379,9.3,9.41,1.486772060394287,0.0,N/A
500,1.0,N/A,360,3472,9.3,9.41,1.5296509265899658,0.0,N/A
500,1.0,N/A,370,3565,9.3,9.41,1.5725429058074951,0.0,N/A
500,1.0,N/A,380,3658,9.3,9.41,1.6151399612426758,0.0,N/A
500,1.0,N/A,390,3751,9.3,9.41,1.6580660343170166,0.0,N/A
500,1.0,N/A,400,3844,9.3,9.41,1.701474905014038,0.0,N/A
500,1.0,N/A,410,3937,9.3,9.41,1.7440478801727295,0.0,N/A
500,1.0,N/A,420,4030,9.3,9.41,1.7862207889556885,0.0,N/A
500,1.0,N/A,430,4123,9.3,9.41,1.8273429870605469,0.0,N/A
500,1.0,N/A,440,4216,9.3,9.41,1.8686919212341309,0.0,N/A
500,1.0,N/A,450,4309,9.3,9.41,1.9099090099334717,0.0,N/A
500,1.0,N/A,460,4402,9.3,9.41,1.9510679244995117,0.0,N/A
500,1.0,N/A,470,4495,9.3,9.41,1.9921927452087402,0.0,N/A
500,1.0,N/A,480,4588,9.3,9.41,2.033313751220703,0.0,N/A
500,1.0,N/A,490,4681,9.3,9.41,2.074530839920044,0.0,N/A
500,1.0,N/A,500,4774,9.3,9.41,2.1156818866729736,0.0,N/A
100,0.5,N/A,10,118,11.8,9.28,0.04425311088562012,27.849515914916992,N/A
100,0.5,N/A,20,213,9.5,9.28,0.08756399154663086,1.3768930435180664,N/A
100,0.5,N/A,30,308,9.5,9.28,0.12938594818115234,0.0,N/A
100,0.5,N/A,40,403,9.5,9.28,0.17140483856201172,0.0,N/A
100,0.5,N/A,50,498,9.5,9.28,0.21345186233520508,0.0,N/A
100,0.5,N/A,60,593,9.5,9.28,0.25519394874572754,0.0,N/A
100,0.5,N/A,70,688,9.5,9.28,0.29649996757507324,0.0,N/A
100,0.5,N/A,80,783,9.5,9.28,0.3373410701751709,0.0,N/A
100,0.5,N/A,90,878,9.5,9.28,0.37820005416870117,0.0,N/A
100,0.5,N/A,100,973,9.5,9.28,0.41904711723327637,0.0,N/A
100,0.5,N/A,110,1068,9.5,9.28,0.459852933883667,0.0,N/A
100,0.5,N/A,120,1163,9.5,9.28,0.5006160736083984,0.0,N/A
100,0.5,N/A,130,1258,9.5,9.28,0.5414178371429443,0.0,N/A
100,0.5,N/A,140,1353,9.5,9.28,0.5822141170501709,0.0,N/A
100,0.5,N/A,150,1448,9.5,9.28,0.6230230331420898,0.0,N/A
100,0.5,N/A,160,1543,9.5,9.28,0.663773775100708,0.0,N/A
100,0.5,N/A,170,1638,9.5,9.28,0.7046020030975342,0.0,N/A
100,0.5,N/A,180,1733,9.5,9.28,0.7457470893859863,0.0,N/A
100,0.5,N/A,190,1828,9.5,9.28,0.7865078449249268,0.0,N/A
100,0.5,N/A,200,1923,9.5,9.28,0.8272619247436523,0.0,N/A
100,0.5,N/A,210,2018,9.5,9.28,0.8681168556213379,0.0,N/A
100,0.5,N/A,220,2113,9.5,9.28,0.9089899063110352,0.0,N/A
100,0.5,N/A,230,2208,9.5,9.28,0.9497909545898438,0.0,N/A
100,0.5,N/A,240,2303,9.5,9.28,0.9904999732971191,0.0,N/A
100,0.5,N/A,250,2398,9.5,9.28,1.0312449932098389,0.0,N/A
100,0.5,N/A,260,2493,9.5,9.28,1.071969985961914,0.0,N/A
100,0.5,N/A,270,2588,9.5,9.28,1.1127939224243164,0.0,N/A
100,0.5,N/A,280,2683,9.5,9.28,1.15358304977417,0.0,N/A
100,0.5,N/A,290,2778,9.5,9.28,1.194206953048706,0.0,N/A
100,0.5,N/A,300,2873,9.5,9.28,1.2349538803100586,0.0,N/A
100,0.5,N/A,310,2968,9.5,9.28,1.2756907939910889,0.0,N/A
100,0.5,N/A,320,3063,9.5,9.28,1.316378116607666,0.0,N/A
100,0.5,N/A,330,3158,9.5,9.28,1.3569891452789307,0.0,N/A
100,0.5,N/A,340,3253,9.5,9.28,1.3977749347686768,0.0,N/A
100,0.5,N/A,350,3348,9.5,9.28,1.4385650157928467,0.0,N/A
100,0.5,N/A,360,3443,9.5,9.28,1.479273796081543,0.0,N/A
100,0.5,N/A,370,3538,9.5,9.28,1.5199930667877197,0.0,N/A
100,0.5,N/A,380,3633,9.5,9.28,1.5607199668884277,0.0,N/A
100,0.5,N/A,390,3728,9.5,9.28,1.6014440059661865,0.0,N/A
100,0.5,N/A,400,3823,9.5,9.28,1.642197847366333,0.0,N/A
100,0.5,N/A,410,3918,9.5,9.28,1.6829097270965576,0.0,N/A
100,0.5,N/A,420,4013,9.5,9.28,1.723639965057373,0.0,N/A
100,0.5,N/A,430,4108,9.5,9.28,1.764375925064087,0.0,N/A
100,0.5,N/A,440,4203,9.5,9.28,1.8051459789276123,0.0,N/A
100,0.5,N/A,450,4298,9.5,9.28,1.8458218574523926,0.0,N/A
100,0.5,N/A,460,4393,9.5,9.28,1.8880858421325684,0.0,N/A
100,0.5,N/A,470,4488,9.5,9.28,1.9305860996246338,0.0,N/A
100,0.5,N/A,480,4583,9.5,9.28,1.9718220233917236,0.0,N/A
100,0.5,N/A,490,4678,9.5,9.28,2.0126900672912598,0.0,N/A
100,0.5,N/A,500,4773,9.5,9.28,2.0535337924957275,0.0,N/A
200,0.5,N/A,10,188,18.8,16.24,0.0730443000793457,54.391075134277344,N/A
200,0.5,N/A,20,363,17.5,9.41,0.12303900718688965,7.441404819488525,N/A
200,0.5,N/A,30,456,9.3,9.41,0.16447830200195312,4.60632848739624,N/A
200,0.5,N/A,40,549,9.3,9.41,0.20558428764343262,1.3711782693862915,N/A
200,0.5,N/A,50,642,9.3,9.41,0.24669623374938965,1.8744914531707764,N/A
200,0.5,N/A,60,736,9.4,20.63,0.3237621784210205,17.71114158630371,N/A
200,0.5,N/A,70,934,19.8,44.15,0.4866821765899658,25.207204818725586,N/A
200,0.5,N/A,80,1354,42.0,150.41,1.0148353576660156,46.4911994934082,N/A
200,0.5,N/A,90,2885,153.1,80.67,1.4497931003570557,43.09735870361328,N/A
200,0.5,N/A,100,3646,76.1,41.59,1.6767122745513916,41.845211029052734,N/A
200,0.5,N/A,110,4091,44.5,10.01,1.7605912685394287,18.927350997924805,N/A
200,0.5,N/A,120,4194,10.3,10.65,1.8093092441558838,32.51185607910156,N/A
200,0.5,N/A,130,4303,10.9,10.29,1.856100082397461,18.833017349243164,N/A
200,0.5,N/A,140,4409,10.6,10.09,1.9017043113708496,2.3564066886901855,N/A
200,0.5,N/A,150,4513,10.4,10.38,1.947904109954834,15.51633358001709,N/A
200,0.5,N/A,160,4621,10.8,9.68,1.9922339916229248,47.82312774658203,N/A
200,0.5,N/A,170,4719,9.8,9.28,2.0342912673950195,16.771242141723633,N/A
200,0.5,N/A,180,4814,9.5,9.28,2.076003074645996,3.9640378952026367,N/A
200,0.5,N/A,190,4909,9.5,9.28,2.117504119873047,0.0,N/A
200,0.5,N/A,200,5004,9.5,9.28,2.1590611934661865,0.0,N/A
200,0.5,N/A,210,5099,9.5,9.28,2.2007033824920654,0.0,N/A
200,0.5,N/A,220,5194,9.5,9.28,2.242274045944214,0.0,N/A
200,0.5,N/A,230,5289,9.5,9.28,2.283804178237915,0.0,N/A
200,0.5,N/A,240,5384,9.5,9.28,2.3254740238189697,0.0,N/A
200,0.5,N/A,250,5479,9.5,9.28,2.368718147277832,0.0,N/A
200,0.5,N/A,260,5574,9.5,9.28,2.415771245956421,0.0,N/A
200,0.5,N/A,270,5669,9.5,9.28,2.4608960151672363,0.0,N/A
200,0.5,N/A,280,5764,9.5,9.28,2.5036892890930176,0.0,N/A
200,0.5,N/A,290,5859,9.5,9.28,2.5458030700683594,0.0,N/A
200,0.5,N/A,300,5954,9.5,9.28,2.587430238723755,0.0,N/A
200,0.5,N/A,310,6049,9.5,9.28,2.6288740634918213,0.0,N/A
200,0.5,N/A,320,6144,9.5,9.28,2.6701602935791016,0.0,N/A
200,0.5,N/A,330,6239,9.5,9.28,2.7115492820739746,0.0,N/A
200,0.5,N/A,340,6334,9.5,9.28,2.7527523040771484,0.0,N/A
200,0.5,N/A,350,6429,9.5,9.28,2.7938802242279053,0.0,N/A
200,0.5,N/A,360,6524,9.5,9.28,2.8350703716278076,0.0,N/A
200,0.5,N/A,370,6619,9.5,9.28,2.876394033432007,0.0,N/A
200,0.5,N/A,380,6714,9.5,9.28,2.917750120162964,0.0,N/A
200,0.5,N/A,390,6809,9.5,9.28,2.9589521884918213,0.0,N/A
200,0.5,N/A,400,6904,9.5,9.28,3.0001730918884277,0.0,N/A
200,0.5,N/A,410,6999,9.5,9.28,3.0414352416992188,0.0,N/A
200,0.5,N/A,420,7094,9.5,9.28,3.0826592445373535,0.0,N/A
200,0.5,N/A,430,7189,9.5,9.28,3.123737096786499,0.0,N/A
200,0.5,N/A,440,7284,9.5,9.28,3.164767026901245,0.0,N/A
200,0.5,N/A,450,7379,9.5,9.28,3.20581316947937,0.0,N/A
200,0.5,N/A,460,7474,9.5,9.28,3.246835231781006,0.0,N/A
200,0.5,N/A,470,7569,9.5,9.28,3.287999391555786,0.0,N/A
200,0.5,N/A,480,7664,9.5,9.28,3.330970287322998,0.0,N/A
200,0.5,N/A,490,7759,9.5,9.28,3.3741672039031982,0.0,N/A
200,0.5,N/A,500,7854,9.5,9.28,3.4166719913482666,0.0,N/A
300,0.5,N/A,10,177,17.7,37.79,0.14514684677124023,9.231864929199219,N/A
300,0.5,N/A,20,546,36.9,23.96,0.2647082805633545,28.137195587158203,N/A
300,0.5,N/A,30,793,24.7,27.74,0.3844890594482422,9.109149932861328,N/A
300,0.5,N/A,40,1070,27.7,15.0,0.4650120735168457,24.905681610107422,N/A
300,0.5,N/A,50,1220,15.0,22.36,0.5571672916412354,50.95630645751953,N/A
300,0.5,N/A,60,1454,23.4,22.6,0.6570601463317871,13.268705368041992,N/A
300,0.5,N/A,70,1690,23.6,20.76,0.7518279552459717,26.47894287109375,N/A
300,0.5,N/A,80,1902,21.2,15.92,0.8283910751342773,24.884479522705078,N/A
300,0.5,N/A,90,2064,16.2,13.56,0.8925142288208008,2.5764307975769043,N/A
300,0.5,N/A,100,2203,13.9,12.06,0.9510421752929688,0.9512284398078918,N/A
300,0.5,N/A,110,2328,12.5,10.55,1.0012280941009521,5.748045444488525,N/A
300,0.5,N/A,120,2436,10.8,9.29,1.0449161529541016,38.13633728027344,N/A
300,0.5,N/A,130,2531,9.5,9.28,1.0867888927459717,25.064619064331055,N/A
300,0.5,N/A,140,2626,9.5,9.28,1.1285719871520996,0.0,N/A
300,0.5,N/A,150,2721,9.5,9.28,1.1702699661254883,0.0,N/A
300,0.5,N/A,160,2816,9.5,9.28,1.2118079662322998,0.0,N/A
300,0.5,N/A,170,2911,9.5,9.28,1.254180908203125,0.0,N/A
300,0.5,N/A,180,3006,9.5,9.28,1.2961201667785645,0.0,N/A
300,0.5,N/A,190,3101,9.5,9.28,1.3381221294403076,0.0,N/A
300,0.5,N/A,200,3196,9.5,9.28,1.3801329135894775,0.0,N/A
300,0.5,N/A,210,3291,9.5,9.28,1.4216010570526123,0.0,N/A
300,0.5,N/A,220,3386,9.5,9.28,1.4939489364624023,0.0,N/A
300,0.5,N/A,230,3481,9.5,9.28,1.541152000427246,0.0,N/A
300,0.5,N/A,240,3576,9.5,9.28,1.5836670398712158,0.0,N/A
300,0.5,N/A,250,3671,9.5,9.28,1.6255769729614258,0.0,N/A
300,0.5,N/A,260,3766,9.5,9.28,1.6667721271514893,0.0,N/A
300,0.5,N/A,270,3861,9.5,9.28,1.7096540927886963,0.0,N/A
300,0.5,N/A,280,3956,9.5,9.28,1.7547831535339355,0.0,N/A
300,0.5,N/A,290,4051,9.5,9.28,1.7982521057128906,0.0,N/A
300,0.5,N/A,300,4146,9.5,9.28,1.841689109802246,0.0,N/A
300,0.5,N/A,310,4241,9.5,9.28,1.8852980136871338,0.0,N/A
300,0.5,N/A,320,4336,9.5,9.28,1.9289228916168213,0.0,N/A
300,0.5,N/A,330,4431,9.5,9.28,1.9727680683135986,0.0,N/A
300,0.5,N/A,340,4526,9.5,9.28,2.016857862472534,0.0,N/A
300,0.5,N/A,350,4621,9.5,9.28,2.060425043106079,0.0,N/A
300,0.5,N/A,360,4716,9.5,9.28,2.103863000869751,0.0,N/A
300,0.5,N/A,370,4811,9.5,9.28,2.1470260620117188,0.0,N/A
300,0.5,N/A,380,4906,9.5,9.28,2.189857006072998,0.0,N/A
300,0.5,N/A,390,5001,9.5,9.28,2.2332041263580322,0.0,N/A
300,0.5,N/A,400,5096,9.5,9.28,2.2789981365203857,0.0,N/A
300,0.5,N/A,410,5191,9.5,9.28,2.325721263885498,0.0,N/A
300,0.5,N/A,420,5286,9.5,9.28,2.3694448471069336,0.0,N/A
300,0.5,N/A,430,5381,9.5,9.28,2.4133219718933105,0.0,N/A
300,0.5,N/A,440,5476,9.5,9.28,2.4572930335998535,0.0,N/A
300,0.5,N/A,450,5571,9.5,9.28,2.5007691383361816,0.0,N/A
300,0.5,N/A,460,5666,9.5,9.28,2.543156147003174,0.0,N/A
300,0.5,N/A,470,5761,9.5,9.28,2.586916923522949,0.0,N/A
300,0.5,N/A,480,5856,9.5,9.28,2.630315065383911,0.0,N/A
300,0.5,N/A,490,5951,9.5,9.28,2.674901008605957,0.0,N/A
300,0.5,N/A,500,6046,9.5,9.28,2.719529151916504,0.0,N/A
400,0.5,N/A,10,208,20.8,23.37,0.10303425788879395,23.060388565063477,N/A
400,0.5,N/A,20,430,22.2,10.09,0.16213202476501465,5.720857620239258,N/A
400,0.5,N/A,30,529,9.9,16.02,0.22745227813720703,21.15797233581543,N/A
400,0.5,N/A,40,688,15.9,15.82,0.2989943027496338,10.164063453674316,N/A
400,0.5,N/A,50,845,15.7,16.49,0.38689732551574707,7.365576267242432,N/A
400,0.5,N/A,60,1006,16.1,20.39,0.4732022285461426,11.06152057647705,N/A
400,0.5,N/A,70,1208,20.2,23.96,0.5738010406494141,2.637192487716675,N/A
400,0.5,N/A,80,1439,23.1,23.88,0.6777663230895996,10.38646125793457,N/A
400,0.5,N/A,90,1669,23.0,28.12,0.7988312244415283,20.406766891479492,N/A
400,0.5,N/A,100,1946,27.7,35.62,0.9488382339477539,4.870823383331299,N/A
400,0.5,N/A,110,2304,35.8,50.3,1.2440719604492188,21.509084701538086,N/A
400,0.5,N/A,120,2755,45.1,59.39,1.4963440895080566,26.888484954833984,N/A
400,0.5,N/A,130,3327,57.2,123.6,1.978417158126831,8.476425170898438,N/A
400,0.5,N/A,140,4111,78.4,59.39,2.2713842391967773,19.515949249267578,N/A
400,0.5,N/A,150,4688,57.7,51.27,2.5246169567108154,58.220001220703125,N/A
400,0.5,N/A,160,5260,57.2,40.3,2.7211709022521973,45.314613342285156,N/A
400,0.5,N/A,170,5678,41.8,37.38,2.8957109451293945,49.87406921386719,N/A
400,0.5,N/A,180,6070,39.2,35.55,3.0931220054626465,0.6898281574249268,N/A
400,0.5,N/A,190,6443,37.3,31.96,3.2498092651367188,25.640806198120117,N/A
400,0.5,N/A,200,6754,31.1,26.64,3.3757071495056152,15.261052131652832,N/A
400,0.5,N/A,210,7017,26.3,23.53,3.48899507522583,1.9363319873809814,N/A
400,0.5,N/A,220,7259,24.2,22.3,3.624108076095581,2.213474988937378,N/A
400,0.5,N/A,230,7490,23.1,21.58,3.727983236312866,5.74681282043457,N/A
400,0.5,N/A,240,7716,22.6,21.2,3.825071096420288,3.030057907104492,N/A
400,0.5,N/A,250,7937,22.1,20.82,3.9191510677337646,0.004960120189934969,N/A
400,0.5,N/A,260,8156,21.9,20.61,4.0130040645599365,0.006414294708520174,N/A
400,0.5,N/A,270,8371,21.5,20.88,4.112541913986206,25.726545333862305,N/A
400,0.5,N/A,280,8590,21.9,21.6,4.211424112319946,18.514739990234375,N/A
400,0.5,N/A,290,8816,22.6,22.37,4.310019254684448,1.0870479345321655,N/A
400,0.5,N/A,300,9048,23.2,23.08,4.410266160964966,0.760208010673523,N/A
400,0.5,N/A,310,9286,23.8,23.83,4.513719081878662,1.834317684173584,N/A
400,0.5,N/A,320,9531,24.5,23.83,4.618178129196167,18.95370864868164,N/A
400,0.5,N/A,330,9775,24.4,23.83,4.738460302352905,0.8666832447052002,N/A
400,0.5,N/A,340,10019,24.4,23.89,4.844969034194946,2.430572032928467,N/A
400,0.5,N/A,350,10263,24.4,24.01,4.951504230499268,0.8729668855667114,N/A
400,0.5,N/A,360,10507,24.4,24.06,5.0572521686553955,1.7379627227783203,N/A
400,0.5,N/A,370,10752,24.5,24.18,5.1639580726623535,0.8762314319610596,N/A
400,0.5,N/A,380,10997,24.5,24.04,5.27167010307312,5.2884087562561035,N/A
400,0.5,N/A,390,11242,24.5,23.77,5.378093004226685,2.0951826572418213,N/A
400,0.5,N/A,400,11485,24.3,23.31,5.48129415512085,4.418389797210693,N/A
400,0.5,N/A,410,11725,24.0,23.15,5.58300518989563,3.9719414710998535,N/A
400,0.5,N/A,420,11963,23.8,23.05,5.68383526802063,0.03252758830785751,N/A
400,0.5,N/A,430,12201,23.8,22.93,5.787430286407471,1.8943226337432861,N/A
400,0.5,N/A,440,12437,23.6,22.85,5.888301134109497,1.5413509607315063,N/A
400,0.5,N/A,450,12673,23.6,22.41,5.988669157028198,9.057291030883789,N/A
400,0.5,N/A,460,12906,23.3,22.08,6.087218284606934,2.951231002807617,N/A
400,0.5,N/A,470,13134,22.8,21.7,6.182659149169922,0.017029287293553352,N/A
400,0.5,N/A,480,13360,22.6,21.53,6.277022123336792,1.400935173034668,N/A
400,0.5,N/A,490,13584,22.4,21.49,6.370727300643921,3.166961669921875,N/A
400,0.5,N/A,500,13807,22.3,20.97,6.462774991989136,13.99088191986084,N/A
500,0.5,N/A,10,217,21.7,12.32,0.09755992889404297,65.59723663330078,N/A
500,0.5,N/A,20,338,12.1,58.29,0.33310699462890625,60.65988540649414,N/A
500,0.5,N/A,30,814,47.6,91.46,0.6904110908508301,57.13031768798828,N/A
500,0.5,N/A,40,1558,74.4,52.28,0.9546420574188232,25.053199768066406,N/A
500,0.5,N/A,50,2098,54.0,30.21,1.12776780128479,41.17550277709961,N/A
500,0.5,N/A,60,2399,30.1,24.32,1.243278980255127,5.30449104309082,N/A
500,0.5,N/A,70,2646,24.7,20.58,1.3386898040771484,17.85405921936035,N/A
500,0.5,N/A,80,2855,20.9,17.51,1.4191679954528809,10.471837997436523,N/A
500,0.5,N/A,90,3033,17.8,15.86,1.4906630516052246,2.0076544284820557,N/A
500,0.5,N/A,100,3195,16.2,14.51,1.556246042251587,6.107881546020508,N/A
500,0.5,N/A,110,3341,14.6,12.77,1.6143159866333008,30.546056747436523,N/A
500,0.5,N/A,120,3471,13.0,12.78,1.6708271503448486,48.030094146728516,N/A
500,0.5,N/A,130,3601,13.0,12.75,1.727207899093628,0.6816752552986145,N/A
500,0.5,N/A,140,3731,13.0,12.77,1.7845110893249512,0.779509425163269,N/A
500,0.5,N/A,150,3861,13.0,12.82,1.842756986618042,0.8123502731323242,N/A
500,0.5,N/A,160,3991,13.0,12.9,1.9040851593017578,2.039760112762451,N/A
500,0.5,N/A,170,4121,13.0,12.34,1.961245059967041,30.848920822143555,N/A
500,0.5,N/A,180,4247,12.6,12.09,2.015498161315918,14.300127983093262,N/A
500,0.5,N/A,190,4371,12.4,11.92,2.0684120655059814,1.0737501382827759,N/A
500,0.5,N/A,200,4492,12.1,12.7,2.12343692779541,52.35467529296875,N/A
500,0.5,N/A,210,4622,13.0,13.3,2.1814029216766357,0.9137272834777832,N/A
500,0.5,N/A,220,4758,13.6,14.01,2.242216110229492,6.488842487335205,N/A
500,0.5,N/A,230,4898,14.0,14.43,2.30472993850708,13.961678504943848,N/A
500,0.5,N/A,240,5043,14.5,14.72,2.373505115509033,1.7162240743637085,N/A
500,0.5,N/A,250,5191,14.8,14.77,2.4431240558624268,10.67960262298584,N/A
500,0.5,N/A,260,5339,14.8,15.2,2.5128729343414307,14.036070823669434,N/A
500,0.5,N/A,270,5490,15.1,14.47,2.579272985458374,49.522186279296875,N/A
500,0.5,N/A,280,5635,14.5,13.84,2.642242908477783,0.15381976962089539,N/A
500,0.5,N/A,290,5775,14.0,13.32,2.7025768756866455,1.6128560304641724,N/A
500,0.5,N/A,300,5912,13.7,12.84,2.7609150409698486,7.2216668128967285,N/A
500,0.5,N/A,310,6042,13.0,12.31,2.8189499378204346,0.6962180137634277,N/A
500,0.5,N/A,320,6167,12.5,12.69,2.8775198459625244,50.572593688964844,N/A
500,0.5,N/A,330,6297,13.0,13.02,2.936368942260742,1.7971217632293701,N/A
500,0.5,N/A,340,6427,13.0,13.18,2.9958279132843018,3.337318181991577,N/A
500,0.5,N/A,350,6561,13.4,14.63,3.0602879524230957,91.69690704345703,N/A
500,0.5,N/A,360,6708,14.7,16.61,3.132412910461426,35.046836853027344,N/A
500,0.5,N/A,370,6875,16.7,18.52,3.2131049633026123,0.0218805018812418,N/A
500,0.5,N/A,380,7062,18.7,21.53,3.3056211471557617,35.23528289794922,N/A
500,0.5,N/A,390,7279,21.7,24.39,3.410599946975708,10.583471298217773,N/A
500,0.5,N/A,400,7525,24.6,28.68,3.5330288410186768,74.2699966430664,N/A
500,0.5,N/A,410,7816,29.1,35.55,3.6814520359039307,31.046724319458008,N/A
500,0.5,N/A,420,8166,35.0,43.83,3.9014410972595215,23.101852416992188,N/A
500,0.5,N/A,430,8658,49.2,50.35,4.162122964859009,30.744165420532227,N/A
500,0.5,N/A,440,9160,50.2,53.6,4.400396823883057,1.401399850845337,N/A
500,0.5,N/A,450,9684,52.4,61.59,4.663837909698486,51.22159957885742,N/A
500,0.5,N/A,460,10293,60.9,72.29,4.966608047485352,18.025571823120117,N/A
500,0.5,N/A,470,10948,65.5,71.73,5.270883798599243,58.593299865722656,N/A
500,0.5,N/A,480,11613,66.5,73.39,5.58259391784668,6.864220142364502,N/A
500,0.5,N/A,490,12291,67.8,81.85,5.922632932662964,93.58575439453125,N/A
500,0.5,N/A,500,13135,84.4,101.96,6.3447370529174805,105.65431213378906,N/A
100,0.1,N/A,10,118,11.8,64.46,0.2274172306060791,27.849515914916992,N/A
100,0.1,N/A,20,691,57.3,24.87,0.3704991340637207,89.89089965820312,N/A
100,0.1,N/A,30,935,24.4,23.11,0.4790840148925781,7.6147990226745605,N/A
100,0.1,N/A,40,1150,21.5,25.36,0.5886480808258057,14.435908317565918,N/A
100,0.1,N/A,50,1398,24.8,27.17,0.7063391208648682,10.794748306274414,N/A
100,0.1,N/A,60,1673,27.5,27.37,0.8276031017303467,10.944198608398438,N/A
100,0.1,N/A,70,1942,26.9,23.85,0.9365830421447754,42.810970306396484,N/A
100,0.1,N/A,80,2177,23.5,23.3,1.039928913116455,20.58782958984375,N/A
100,0.1,N/A,90,2400,22.3,23.21,1.1412172317504883,6.234872341156006,N/A
100,0.1,N/A,100,2622,22.2,21.56,1.2369539737701416,44.300201416015625,N/A
100,0.1,N/A,110,2826,20.4,19.82,1.3249390125274658,11.946475982666016,N/A
100,0.1,N/A,120,3014,18.8,17.57,1.4037652015686035,15.02210521697998,N/A
100,0.1,N/A,130,3184,17.0,16.11,1.4759790897369385,12.077961921691895,N/A
100,0.1,N/A,140,3344,16.0,15.6,1.5454020500183105,12.759568214416504,N/A
100,0.1,N/A,150,3494,15.0,14.49,1.6099238395690918,13.818440437316895,N/A
100,0.1,N/A,160,3634,14.0,14.32,1.672821044921875,25.335588455200195,N/A
100,0.1,N/A,170,3777,14.3,14.58,1.736954927444458,9.063624382019043,N/A
100,0.1,N/A,180,3919,14.2,15.81,1.8050811290740967,43.90312576293945,N/A
100,0.1,N/A,190,4071,15.2,16.68,1.877326250076294,2.4869980812072754,N/A
100,0.1,N/A,200,4234,16.3,16.93,1.95135498046875,23.406963348388672,N/A
100,0.1,N/A,210,4398,16.4,17.29,2.0267021656036377,6.292845249176025,N/A
100,0.1,N/A,220,4567,16.9,17.11,2.101881980895996,25.182497024536133,N/A
100,0.1,N/A,230,4731,16.4,16.9,2.176215171813965,3.797996759414673,N/A
100,0.1,N/A,240,4898,16.7,16.17,2.2481632232666016,28.492992401123047,N/A
100,0.1,N/A,250,5057,15.9,15.86,2.318405866622925,7.017073154449463,N/A
100,0.1,N/A,260,5210,15.3,15.73,2.38742995262146,16.45053482055664,N/A
100,0.1,N/A,270,5362,15.2,15.85,2.456578254699707,11.038278579711914,N/A
100,0.1,N/A,280,5515,15.3,15.99,2.526445150375366,10.02087116241455,N/A
100,0.1,N/A,290,5672,15.7,16.16,2.5971341133117676,3.6129772663116455,N/A
100,0.1,N/A,300,5829,15.7,16.09,2.6679391860961914,14.021912574768066,N/A
100,0.1,N/A,310,5985,15.6,16.36,2.7393312454223633,19.75662612915039,N/A
100,0.1,N/A,320,6144,15.9,16.62,2.8121721744537354,3.0107717514038086,N/A
100,0.1,N/A,330,6307,16.3,17.27,2.8875579833984375,27.056705474853516,N/A
100,0.1,N/A,340,6479,17.2,17.82,2.9654531478881836,10.310234069824219,N/A
100,0.1,N/A,350,6652,17.3,19.54,3.049027919769287,28.81476402282715,N/A
100,0.1,N/A,360,6850,19.8,21.51,3.1415061950683594,4.049963474273682,N/A
100,0.1,N/A,370,7058,20.8,22.91,3.2396838665008545,39.71498489379883,N/A
100,0.1,N/A,380,7278,22.0,24.07,3.343142032623291,0.6763882040977478,N/A
100,0.1,N/A,390,7510,23.2,25.82,3.4540722370147705,2.3964476585388184,N/A
100,0.1,N/A,400,7765,25.5,27.47,3.5724899768829346,15.320903778076172,N/A
100,0.1,N/A,410,8042,27.7,30.68,3.7037808895111084,30.018444061279297,N/A
100,0.1,N/A,420,8344,30.2,31.86,3.841982126235962,42.551631927490234,N/A
100,0.1,N/A,430,8668,32.4,37.63,4.000946044921875,71.56605529785156,N/A
100,0.1,N/A,440,9034,36.6,41.06,4.175143003463745,48.819820404052734,N/A
100,0.1,N/A,450,9428,39.4,46.42,4.370419025421143,31.336055755615234,N/A
100,0.1,N/A,460,9840,41.2,51.65,4.585566997528076,12.999579429626465,N/A
100,0.1,N/A,470,10297,45.7,53.39,4.810558080673218,13.23637866973877,N/A
100,0.1,N/A,480,10822,52.5,53.17,5.042212009429932,40.25174331665039,N/A
100,0.1,N/A,490,11292,47.0,54.07,5.272891044616699,2.1538867950439453,N/A
100,0.1,N/A,500,11741,44.9,50.59,5.488278150558472,1.8644362688064575,N/A
200,0.1,N/A,10,188,18.8,19.92,0.09002494812011719,54.391075134277344,N/A
200,0.1,N/A,20,400,21.2,57.65,0.3065779209136963,51.02064895629883,N/A
200,0.1,N/A,30,988,58.8,64.79,0.5846819877624512,11.685297012329102,N/A
200,0.1,N/A,40,1659,67.1,44.56,0.8075499534606934,16.19803237915039,N/A
200,0.1,N/A,50,2066,40.7,60.92,1.0557277202606201,54.154319763183594,N/A
200,0.1,N/A,60,2599,53.3,100.53,1.4465076923370361,33.22072982788086,N/A
200,0.1,N/A,70,3577,97.8,191.0,2.1818928718566895,31.882858276367188,N/A
200,0.1,N/A,80,5254,167.7,120.88,2.767531633377075,179.7889862060547,N/A
200,0.1,N/A,90,6430,117.6,36.81,3.023770809173584,190.85494995117188,N/A
200,0.1,N/A,100,6826,39.6,28.46,3.16605281829834,52.638710021972656,N/A
200,0.1,N/A,110,7147,32.1,26.6,3.2902867794036865,33.736881256103516,N/A
200,0.1,N/A,120,7432,28.5,25.95,3.4078757762908936,8.16793441772461,N/A
200,0.1,N/A,130,7707,27.5,25.16,3.5219368934631348,14.759603500366211,N/A
200,0.1,N/A,140,7966,25.9,25.26,3.6340348720550537,21.863731384277344,N/A
200,0.1,N/A,150,8229,26.3,25.94,3.7487237453460693,16.640775680541992,N/A
200,0.1,N/A,160,8500,27.1,27.0,3.867842674255371,7.076916217803955,N/A
200,0.1,N/A,170,8780,28.0,28.94,3.9940967559814453,20.951290130615234,N/A
200,0.1,N/A,180,9080,30.0,30.28,4.127269744873047,11.82353687286377,N/A
200,0.1,N/A,190,9385,30.5,29.61,4.258826971054077,39.93496322631836,N/A
200,0.1,N/A,200,9684,29.9,30.85,4.394035816192627,41.71294403076172,N/A
200,0.1,N/A,210,9998,31.4,31.71,4.533306837081909,11.803199768066406,N/A
200,0.1,N/A,220,10312,31.4,30.66,4.6694416999816895,33.10706329345703,N/A
200,0.1,N/A,230,10623,31.1,30.18,4.8036017417907715,5.553374290466309,N/A
200,0.1,N/A,240,10929,30.6,28.84,4.932798862457275,22.884563446044922,N/A
200,0.1,N/A,250,11223,29.4,28.02,5.057543754577637,6.188983917236328,N/A
200,0.1,N/A,260,11506,28.3,27.24,5.179077863693237,4.80364990234375,N/A
200,0.1,N/A,270,11785,27.9,27.01,5.2991297245025635,10.650561332702637,N/A
200,0.1,N/A,280,12060,27.5,26.36,5.416748762130737,14.879608154296875,N/A
200,0.1,N/A,290,12329,26.9,26.04,5.532138824462891,8.484649658203125,N/A
200,0.1,N/A,300,12597,26.8,26.38,5.649058818817139,21.721311569213867,N/A
200,0.1,N/A,310,12872,27.5,27.47,5.770323753356934,24.878440856933594,N/A
200,0.1,N/A,320,13154,28.2,27.94,5.893398761749268,17.314373016357422,N/A
200,0.1,N/A,330,13438,28.4,29.34,6.021812915802002,24.76190948486328,N/A
200,0.1,N/A,340,13728,29.0,30.55,6.154507637023926,9.110004425048828,N/A
200,0.1,N/A,350,14039,31.1,31.27,6.291783809661865,7.954318523406982,N/A
200,0.1,N/A,360,14359,32.0,31.44,6.430949687957764,13.326148986816406,N/A
200,0.1,N/A,370,14674,31.5,32.35,6.572333812713623,19.5472412109375,N/A
200,0.1,N/A,380,15001,32.7,32.31,6.714355945587158,24.82777976989746,N/A
200,0.1,N/A,390,15331,33.0,32.37,6.857043743133545,8.23737907409668,N/A
200,0.1,N/A,400,15663,33.2,32.93,7.002197980880737,19.317703247070312,N/A
200,0.1,N/A,410,16003,34.0,34.91,7.155214786529541,23.50337791442871,N/A
200,0.1,N/A,420,16366,36.3,38.93,7.323601722717285,27.87757110595703,N/A
200,0.1,N/A,430,16759,39.3,41.54,7.503760814666748,17.41094970703125,N/A
200,0.1,N/A,440,17182,42.3,45.6,7.700394868850708,17.699058532714844,N/A
200,0.1,N/A,450,17638,45.6,50.27,7.915841579437256,33.99286651611328,N/A
200,0.1,N/A,460,18157,51.9,62.08,8.177324771881104,18.313154220581055,N/A
200,0.1,N/A,470,18814,65.7,110.41,8.611658811569214,71.55677032470703,N/A
200,0.1,N/A,480,19920,110.6,116.05,9.114297866821289,94.70510864257812,N/A
200,0.1,N/A,490,21079,115.9,125.28,9.716811656951904,137.1836700439453,N/A
200,0.1,N/A,500,22343,126.4,135.17,10.302040815353394,51.7304573059082,N/A
300,0.1,N/A,10,177,17.7,120.08,0.4146859645843506,9.231864929199219,N/A
300,0.1,N/A,20,898,72.1,11.78,0.5301170349121094,57.03569030761719,N/A
300,0.1,N/A,30,1021,12.3,12.54,0.5868129730224609,30.662708282470703,N/A
300,0.1,N/A,40,1152,13.1,13.81,0.6464939117431641,4.46861457824707,N/A
300,0.1,N/A,50,1289,13.7,19.0,0.7235567569732666,19.78956413269043,N/A
300,0.1,N/A,60,1470,18.1,19.7,0.8071730136871338,17.97633934020996,N/A
300,0.1,N/A,70,1648,17.8,20.27,0.892488956451416,4.868527412414551,N/A
300,0.1,N/A,80,1850,20.2,21.41,0.9835779666900635,5.496199131011963,N/A
300,0.1,N/A,90,2051,20.1,21.14,1.0738089084625244,8.56017780303955,N/A
300,0.1,N/A,100,2253,20.2,27.19,1.1858880519866943,41.786285400390625,N/A
300,0.1,N/A,110,2508,25.5,32.94,1.3235340118408203,13.61876106262207,N/A
300,0.1,N/A,120,2850,34.2,29.42,1.4609160423278809,54.6656379699707,N/A
300,0.1,N/A,130,3132,28.2,23.92,1.5719890594482422,43.72095489501953,N/A
300,0.1,N/A,140,3361,22.9,21.95,1.668694019317627,21.794084548950195,N/A
300,0.1,N/A,150,3574,21.3,19.35,1.754640817642212,21.821081161499023,N/A
300,0.1,N/A,160,3762,18.8,19.09,1.837048053741455,23.207029342651367,N/A
300,0.1,N/A,170,3950,18.8,18.13,1.916712999343872,14.840292930603027,N/A
300,0.1,N/A,180,4129,17.9,18.13,1.9950268268585205,16.896570205688477,N/A
300,0.1,N/A,190,4306,17.7,17.34,2.0704009532928467,19.57720184326172,N/A
300,0.1,N/A,200,4471,16.5,15.9,2.139939069747925,12.42741870880127,N/A
300,0.1,N/A,210,4631,16.0,13.92,2.20245099067688,28.598352432250977,N/A
300,0.1,N/A,220,4770,13.9,11.8,2.2560219764709473,17.582820892333984,N/A
300,0.1,N/A,230,4887,11.7,10.07,2.3018219470977783,32.702781677246094,N/A
300,0.1,N/A,240,4987,10.0,9.41,2.3438949584960938,13.486847877502441,N/A
300,0.1,N/A,250,5080,9.3,9.41,2.3851490020751953,13.071086883544922,N/A
300,0.1,N/A,260,5173,9.3,9.41,2.4261717796325684,0.4639676511287689,N/A
300,0.1,N/A,270,5266,9.3,9.41,2.467270851135254,0.0006826944882050157,N/A
300,0.1,N/A,280,5359,9.3,9.41,2.5083279609680176,0.0,N/A
300,0.1,N/A,290,5452,9.3,9.41,2.549470901489258,0.0,N/A
300,0.1,N/A,300,5545,9.3,9.41,2.5905799865722656,0.0,N/A
300,0.1,N/A,310,5638,9.3,9.41,2.6317858695983887,0.0,N/A
300,0.1,N/A,320,5731,9.3,9.41,2.673022985458374,0.0,N/A
300,0.1,N/A,330,5824,9.3,9.41,2.71419095993042,0.0,N/A
300,0.1,N/A,340,5917,9.3,9.41,2.7553069591522217,0.0,N/A
300,0.1,N/A,350,6010,9.3,9.41,2.796427011489868,0.0,N/A
300,0.1,N/A,360,6103,9.3,9.41,2.8374950885772705,0.0,N/A
300,0.1,N/A,370,6196,9.3,9.41,2.878614902496338,0.0,N/A
300,0.1,N/A,380,6289,9.3,9.41,2.9196789264678955,0.0,N/A
300,0.1,N/A,390,6382,9.3,9.41,2.960803985595703,0.0,N/A
300,0.1,N/A,400,6475,9.3,9.41,3.0018198490142822,0.0,N/A
300,0.1,N/A,410,6568,9.3,9.41,3.0428731441497803,0.0,N/A
300,0.1,N/A,420,6661,9.3,9.41,3.083868980407715,0.0,N/A
300,0.1,N/A,430,6754,9.3,9.41,3.1248109340667725,0.0,N/A
300,0.1,N/A,440,6847,9.3,9.41,3.1658008098602295,0.0,N/A
300,0.1,N/A,450,6940,9.3,9.41,3.206712007522583,0.0,N/A
300,0.1,N/A,460,7033,9.3,9.41,3.2476539611816406,0.0,N/A
300,0.1,N/A,470,7126,9.3,9.41,3.288585901260376,0.0,N/A
300,0.1,N/A,480,7219,9.3,9.41,3.3294529914855957,0.0,N/A
300,0.1,N/A,490,7312,9.3,9.41,3.3704707622528076,0.0,N/A
300,0.1,N/A,500,7405,9.3,9.41,3.4113757610321045,0.0,N/A
400,0.1,N/A,10,208,20.8,24.2,0.10271072387695312,23.060388565063477,N/A
400,0.1,N/A,20,448,24.0,89.74,0.42032480239868164,45.31758499145508,N/A
400,0.1,N/A,30,1093,64.5,25.56,0.5722739696502686,41.27117156982422,N/A
400,0.1,N/A,40,1355,26.2,16.01,0.6542537212371826,17.383840560913086,N/A
400,0.1,N/A,50,1524,16.9,17.4,0.7304577827453613,45.83522033691406,N/A
400,0.1,N/A,60,1703,17.9,19.8,0.8144388198852539,5.008556842803955,N/A
400,0.1,N/A,70,1898,19.5,21.23,0.9041967391967773,2.4326860904693604,N/A
400,0.1,N/A,80,2108,21.0,24.78,1.007166862487793,48.23612594604492,N/A
400,0.1,N/A,90,2365,25.7,26.52,1.1208720207214355,23.95978546142578,N/A
400,0.1,N/A,100,2638,27.3,31.71,1.2664740085601807,29.995691299438477,N/A
400,0.1,N/A,110,2954,31.6,41.18,1.4380428791046143,44.06746292114258,N/A
400,0.1,N/A,120,3365,41.1,53.16,1.6580889225006104,13.19559097290039,N/A
400,0.1,N/A,130,3879,51.4,65.47,1.9373588562011719,40.09541702270508,N/A
400,0.1,N/A,140,4413,53.4,63.1,2.2020838260650635,29.859127044677734,N/A
400,0.1,N/A,150,4958,54.5,63.56,2.4687747955322266,21.561887741088867,N/A
400,0.1,N/A,160,5527,56.9,77.28,2.7837729454040527,17.40563201904297,N/A
400,0.1,N/A,170,6110,58.3,75.36,3.0935559272766113,72.19501495361328,N/A
400,0.1,N/A,180,6656,54.6,64.32,3.363265037536621,46.134422302246094,N/A
400,0.1,N/A,190,7188,53.2,66.39,3.639350652694702,29.938749313354492,N/A
400,0.1,N/A,200,7736,54.8,63.91,3.9086098670959473,27.162443161010742,N/A
400,0.1,N/A,210,8349,61.3,75.8,4.22595477104187,40.598854064941406,N/A
400,0.1,N/A,220,8996,64.7,76.59,4.547824859619141,20.832462310791016,N/A
400,0.1,N/A,230,9759,76.3,82.84,4.903071880340576,20.27992057800293,N/A
400,0.1,N/A,240,10597,83.8,114.79,5.3690948486328125,25.396800994873047,N/A
400,0.1,N/A,250,11608,101.1,132.58,5.913485765457153,72.69090270996094,N/A
400,0.1,N/A,260,12885,127.7,150.73,6.543299913406372,28.266910552978516,N/A
400,0.1,N/A,270,14166,128.1,210.65,7.368578672409058,59.961456298828125,N/A
400,0.1,N/A,280,15398,123.2,327.61,8.566295862197876,92.79818725585938,N/A
400,0.1,N/A,290,17316,191.8,279.54,9.720003843307495,96.9797134399414,N/A
400,0.1,N/A,300,18845,152.9,96.7,10.216800928115845,25.04463005065918,N/A
400,0.1,N/A,310,19605,76.0,101.72,10.645195007324219,27.697900772094727,N/A
400,0.1,N/A,320,20267,66.2,100.76,11.058820724487305,17.077892303466797,N/A
400,0.1,N/A,330,20951,68.4,87.27,11.423614978790283,43.83232116699219,N/A
400,0.1,N/A,340,21638,68.7,66.68,11.715047836303711,29.55647850036621,N/A
400,0.1,N/A,350,22169,53.1,50.02,11.984539985656738,12.229516983032227,N/A
400,0.1,N/A,360,22635,46.6,40.7,12.225437879562378,48.10784912109375,N/A
400,0.1,N/A,370,23034,39.9,36.24,12.394372940063477,38.325828552246094,N/A
400,0.1,N/A,380,23402,36.8,34.21,12.5535728931427,36.99692916870117,N/A
400,0.1,N/A,390,23750,34.8,33.63,12.7066650390625,30.50971221923828,N/A
400,0.1,N/A,400,24086,33.6,33.16,12.853403806686401,4.3137712478637695,N/A
400,0.1,N/A,410,24425,33.9,32.13,12.99507999420166,17.02776336669922,N/A
400,0.1,N/A,420,24745,32.0,29.64,13.133591890335083,65.72438049316406,N/A
400,0.1,N/A,430,25035,29.0,26.79,13.26075291633606,87.16542053222656,N/A
400,0.1,N/A,440,25303,26.8,24.79,13.374416828155518,6.886353492736816,N/A
400,0.1,N/A,450,25543,24.0,23.36,13.478757858276367,20.020830154418945,N/A
400,0.1,N/A,460,25766,22.3,22.53,13.583235740661621,4.497490406036377,N/A
400,0.1,N/A,470,25982,21.6,21.45,13.683902978897095,1.918772578239441,N/A
400,0.1,N/A,480,26193,21.1,19.57,13.772324800491333,10.436151504516602,N/A
400,0.1,N/A,490,26391,19.8,18.07,13.86306881904602,6.20486307144165,N/A
400,0.1,N/A,500,26567,17.6,17.88,13.945751667022705,52.024539947509766,N/A
500,0.1,N/A,10,217,21.7,14.35,0.07555103302001953,65.59723663330078,N/A
500,0.1,N/A,20,371,15.4,17.87,0.15334200859069824,3.7793893814086914,N/A
500,0.1,N/A,30,568,19.7,55.73,0.3612542152404785,40.389251708984375,N/A
500,0.1,N/A,40,1184,61.6,54.88,0.6193521022796631,11.612360000610352,N/A
500,0.1,N/A,50,1701,51.7,21.55,0.7522580623626709,36.9499626159668,N/A
500,0.1,N/A,60,1897,19.6,21.76,0.8504781723022461,41.70513916015625,N/A
500,0.1,N/A,70,2107,21.0,22.76,0.9627671241760254,11.88629150390625,N/A
500,0.1,N/A,80,2325,21.8,30.67,1.1164350509643555,43.86870574951172,N/A
500,0.1,N/A,90,2627,30.2,35.33,1.319547176361084,28.57311248779297,N/A
500,0.1,N/A,100,2953,32.6,39.42,1.506437063217163,3.90669584274292,N/A
500,0.1,N/A,110,3310,35.7,41.04,1.7155210971832275,7.788022518157959,N/A
500,0.1,N/A,120,3685,37.5,42.11,1.9245240688323975,1.9242721796035767,N/A
500,0.1,N/A,130,4080,39.5,48.2,2.140367031097412,26.366989135742188,N/A
500,0.1,N/A,140,4493,41.3,51.14,2.36319899559021,28.493497848510742,N/A
500,0.1,N/A,150,4949,45.6,72.28,2.655380964279175,38.73874282836914,N/A
500,0.1,N/A,160,5517,56.8,150.81,3.2198750972747803,45.148780822753906,N/A
500,0.1,N/A,170,6476,95.9,379.66,4.573482036590576,67.67662048339844,N/A
500,0.1,N/A,180,8407,193.1,453.91,6.285336017608643,203.5154571533203,N/A
500,0.1,N/A,190,12831,442.4,419.43,8.227398157119751,183.7808380126953,N/A
500,0.1,N/A,200,16644,381.3,468.87,10.202773094177246,139.0125732421875,N/A
500,0.1,N/A,210,20836,419.2,471.87,12.263257026672363,122.94415283203125,N/A
500,0.1,N/A,220,25444,460.8,496.97,14.474706888198853,105.8106689453125,N/A
100,0.05,N/A,10,118,11.8,38.29,0.17055630683898926,27.849515914916992,N/A
100,0.05,N/A,20,467,34.9,25.22,0.29883599281311035,35.36915588378906,N/A
100,0.05,N/A,30,694,22.7,29.69,0.42891597747802734,19.32145881652832,N/A
100,0.05,N/A,40,993,29.9,70.41,0.7069251537322998,56.48272705078125,N/A
100,0.05,N/A,50,1666,67.3,88.99,1.1108832359313965,52.614261627197266,N/A
100,0.05,N/A,60,2378,71.2,66.06,1.4241302013397217,34.388145446777344,N/A
100,0.05,N/A,70,2944,56.6,94.9,1.8214011192321777,48.94470977783203,N/A
100,0.05,N/A,80,3719,77.5,210.75,2.6307191848754883,85.97306060791016,N/A
100,0.05,N/A,90,5390,167.1,287.79,3.825435161590576,143.20860290527344,N/A
100,0.05,N/A,100,7667,227.7,135.12,4.607691049575806,123.09214782714844,N/A
100,0.05,N/A,110,9052,138.5,120.16,5.161868095397949,43.714088439941406,N/A
100,0.05,N/A,120,10179,112.7,117.07,5.674022197723389,94.71662139892578,N/A
100,0.05,N/A,130,11314,113.5,114.19,6.178606271743774,65.95912170410156,N/A
100,0.05,N/A,140,12455,114.1,117.98,6.693920135498047,30.000598907470703,N/A
100,0.05,N/A,150,13607,115.2,123.36,7.228646278381348,58.1165771484375,N/A
100,0.05,N/A,160,14777,117.0,162.47,7.8913490772247314,166.27853393554688,N/A
100,0.05,N/A,170,16401,162.4,193.22,8.70609736442566,83.76627349853516,N/A
100,0.05,N/A,180,18348,194.7,384.51,10.179036378860474,134.8869171142578,N/A
100,0.05,N/A,190,22136,378.8,500.0,12.231094121932983,104.33817291259766,N/A
200,0.05,N/A,10,188,18.8,21.73,0.11675882339477539,54.391075134277344,N/A
200,0.05,N/A,20,524,33.6,49.95,0.32163000106811523,34.716766357421875,N/A
200,0.05,N/A,30,949,42.5,56.87,0.5566318035125732,40.63490295410156,N/A
200,0.05,N/A,40,1507,55.8,58.35,0.8100578784942627,41.675628662109375,N/A
200,0.05,N/A,50,2157,65.0,68.14,1.1055068969726562,87.17484283447266,N/A
200,0.05,N/A,60,2928,77.1,50.1,1.356381893157959,34.43114471435547,N/A
200,0.05,N/A,70,3431,50.3,49.5,1.6019399166107178,57.67844009399414,N/A
200,0.05,N/A,80,3948,51.7,46.54,1.8116459846496582,25.92717170715332,N/A
200,0.05,N/A,90,4356,40.8,44.33,1.999763011932373,13.55798625946045,N/A
200,0.05,N/A,100,4805,44.9,47.19,2.2010297775268555,36.91556167602539,N/A
200,0.05,N/A,110,5252,44.7,55.66,2.4285888671875,38.88367462158203,N/A
200,0.05,N/A,120,5785,53.3,56.38,2.6680519580841064,52.74055099487305,N/A
200,0.05,N/A,130,6323,53.8,53.93,2.900057792663574,31.648048400878906,N/A
200,0.05,N/A,140,6876,55.3,52.31,3.127816915512085,9.2453031539917,N/A
200,0.05,N/A,150,7429,55.3,51.32,3.3748958110809326,24.657262802124023,N/A
200,0.05,N/A,160,7946,51.7,53.86,3.611320734024048,32.41383743286133,N/A
200,0.05,N/A,170,8470,52.4,54.21,3.847703695297241,20.425884246826172,N/A
200,0.05,N/A,180,9029,55.9,56.71,4.105628967285156,11.214521408081055,N/A
200,0.05,N/A,190,9554,52.5,63.84,4.369849920272827,40.04876708984375,N/A
200,0.05,N/A,200,10157,60.3,63.54,4.643719911575317,43.78876876831055,N/A
200,0.05,N/A,210,10786,62.9,67.5,4.942070007324219,26.826969146728516,N/A
200,0.05,N/A,220,11497,71.1,71.56,5.268699884414673,15.044551849365234,N/A
200,0.05,N/A,230,12178,68.1,70.57,5.64646577835083,19.937402725219727,N/A
200,0.05,N/A,240,12868,69.0,69.55,5.969516754150391,45.0791015625,N/A
200,0.05,N/A,250,13533,66.5,68.54,6.27641487121582,30.298473358154297,N/A
200,0.05,N/A,260,14184,65.1,66.06,6.569139003753662,40.15265655517578,N/A
200,0.05,N/A,270,14782,59.8,61.82,6.8405749797821045,5.880525588989258,N/A
200,0.05,N/A,280,15428,64.6,60.42,7.110179901123047,20.708145141601562,N/A
200,0.05,N/A,290,16022,59.4,64.67,7.388945817947388,41.70208740234375,N/A
200,0.05,N/A,300,16600,57.8,60.13,7.650531768798828,53.46725082397461,N/A
200,0.05,N/A,310,17171,57.1,57.61,7.903462886810303,21.453073501586914,N/A
200,0.05,N/A,320,17698,52.7,53.68,8.13798999786377,25.065385818481445,N/A
200,0.05,N/A,330,18224,52.6,51.85,8.36742877960205,12.463006973266602,N/A
200,0.05,N/A,340,18746,52.2,51.79,8.593080759048462,28.04618263244629,N/A
200,0.05,N/A,350,19266,52.0,49.47,8.812503814697266,47.06068420410156,N/A
200,0.05,N/A,360,19772,50.6,47.35,9.020696878433228,7.864960670471191,N/A
200,0.05,N/A,370,20240,46.8,44.16,9.214706897735596,31.17943000793457,N/A
200,0.05,N/A,380,20657,41.7,41.98,9.396759748458862,23.675983428955078,N/A
200,0.05,N/A,390,21065,40.8,41.25,9.574690818786621,33.469078063964844,N/A
200,0.05,N/A,400,21476,41.1,41.34,9.753260135650635,17.45621681213379,N/A
200,0.05,N/A,410,21896,42.0,41.18,9.932024717330933,5.825942516326904,N/A
200,0.05,N/A,420,22306,41.0,40.68,10.107903957366943,14.834699630737305,N/A
200,0.05,N/A,430,22700,39.4,38.32,10.274909019470215,37.63499069213867,N/A
200,0.05,N/A,440,23091,39.1,37.79,10.439425706863403,27.789770126342773,N/A
200,0.05,N/A,450,23476,38.5,36.28,10.600235939025879,19.387636184692383,N/A
200,0.05,N/A,460,23836,36.0,33.28,10.747675895690918,36.943904876708984,N/A
200,0.05,N/A,470,24175,33.9,31.81,10.887143850326538,16.26332664489746,N/A
200,0.05,N/A,480,24514,33.9,30.54,11.022482872009277,9.330795288085938,N/A
200,0.05,N/A,490,24821,30.7,30.16,11.153419733047485,20.281742095947266,N/A
200,0.05,N/A,500,25122,30.1,30.11,11.283370018005371,11.113389015197754,N/A
300,0.05,N/A,10,177,17.7,61.6,0.2194690704345703,9.231864929199219,N/A
300,0.05,N/A,20,759,58.2,24.0,0.3592090606689453,27.28252601623535,N/A
300,0.05,N/A,30,1006,24.7,44.07,0.5299899578094482,35.01704788208008,N/A
300,0.05,N/A,40,1494,48.8,99.61,0.9032020568847656,63.77830123901367,N/A
300,0.05,N/A,50,2194,70.0,148.51,1.4707489013671875,73.92198944091797,N/A
300,0.05,N/A,60,3221,102.7,165.09,2.12933087348938,53.47461700439453,N/A
300,0.05,N/A,70,4353,113.2,122.78,2.6618990898132324,83.91352081298828,N/A
300,0.05,N/A,80,5333,98.0,202.0,3.4343600273132324,158.3089599609375,N/A
300,0.05,N/A,90,6928,159.5,373.25,4.834552049636841,121.93962860107422,N/A
300,0.05,N/A,100,8657,172.9,500.0,6.65938401222229,62.73160934448242,N/A
400,0.05,N/A,10,208,20.8,23.86,0.10944318771362305,23.060388565063477,N/A
400,0.05,N/A,20,484,27.6,129.8,0.5659241676330566,67.79476928710938,N/A
400,0.05,N/A,30,1141,65.7,30.92,0.739253044128418,46.60712814331055,N/A
400,0.05,N/A,40,1451,31.0,25.15,0.8574862480163574,23.617935180664062,N/A
400,0.05,N/A,50,1704,25.3,28.14,0.9785490036010742,35.77771759033203,N/A
400,0.05,N/A,60,1985,28.1,26.94,1.0978150367736816,25.47613525390625,N/A
400,0.05,N/A,70,2263,27.8,24.02,1.207369089126587,25.472007751464844,N/A
400,0.05,N/A,80,2497,23.4,19.89,1.2991070747375488,15.636140823364258,N/A
400,0.05,N/A,90,2693,19.6,18.5,1.3821320533752441,16.247669219970703,N/A
400,0.05,N/A,100,2885,19.2,17.83,1.4624052047729492,6.45493221282959,N/A
400,0.05,N/A,110,3070,18.5,19.27,1.5465331077575684,32.83665084838867,N/A
400,0.05,N/A,120,3266,19.6,19.86,1.6340339183807373,13.707015991210938,N/A
400,0.05,N/A,130,3477,21.1,19.91,1.7231712341308594,8.74985122680664,N/A
400,0.05,N/A,140,3681,20.4,20.77,1.8143339157104492,14.446897506713867,N/A
400,0.05,N/A,150,3890,20.9,23.6,1.9153411388397217,30.208892822265625,N/A
400,0.05,N/A,160,4121,23.1,26.35,2.0278310775756836,17.17218589782715,N/A
400,0.05,N/A,170,4382,26.1,31.41,2.1601359844207764,29.715293884277344,N/A
400,0.05,N/A,180,4720,33.8,37.32,2.3197498321533203,13.922284126281738,N/A
400,0.05,N/A,190,5096,37.6,44.04,2.5053510665893555,3.2962260246276855,N/A
400,0.05,N/A,200,5509,41.3,51.51,2.7189462184906006,21.655189514160156,N/A
400,0.05,N/A,210,5996,48.7,67.61,2.994007110595703,30.665563583374023,N/A
400,0.05,N/A,220,6619,62.3,76.14,3.311645984649658,22.92888832092285,N/A
400,0.05,N/A,230,7460,84.1,98.72,3.739229917526245,14.69169807434082,N/A
400,0.05,N/A,240,8290,83.0,172.71,4.393810987472534,56.0228271484375,N/A
400,0.05,N/A,250,9239,94.9,183.67,5.0980072021484375,64.91899871826172,N/A
400,0.05,N/A,260,10084,84.5,170.53,5.751435041427612,54.143394470214844,N/A
400,0.05,N/A,270,10897,81.3,160.25,6.380411863327026,39.92071533203125,N/A
400,0.05,N/A,280,11844,94.7,161.75,7.008670091629028,26.02300453186035,N/A
400,0.05,N/A,290,12947,110.3,148.42,7.665489912033081,10.941100120544434,N/A
400,0.05,N/A,300,13774,82.7,142.67,8.212972164154053,46.537803649902344,N/A
400,0.05,N/A,310,14666,89.2,133.03,8.736806154251099,24.41099739074707,N/A
400,0.05,N/A,320,15568,90.2,142.13,9.344565153121948,65.86848449707031,N/A
400,0.05,N/A,330,16420,85.2,151.74,9.935851097106934,22.124780654907227,N/A
400,0.05,N/A,340,17240,82.0,151.85,10.516118049621582,38.63029479980469,N/A
400,0.05,N/A,350,18095,85.5,146.13,11.081873893737793,41.6060905456543,N/A
400,0.05,N/A,360,18928,83.3,144.52,11.641861915588379,21.308624267578125,N/A
400,0.05,N/A,370,19858,93.0,146.16,12.214256286621094,29.072494506835938,N/A
400,0.05,N/A,380,20857,99.9,147.45,12.808131217956543,25.33124351501465,N/A
400,0.05,N/A,390,21700,84.3,155.17,13.418875217437744,59.463905334472656,N/A
400,0.05,N/A,400,22620,92.0,157.02,14.036269187927246,45.64820098876953,N/A
400,0.05,N/A,410,23546,92.6,157.68,14.664216041564941,26.087045669555664,N/A
400,0.05,N/A,420,24544,99.8,142.76,15.24143099784851,102.23806762695312,N/A
400,0.05,N/A,430,25484,94.0,131.02,15.774798154830933,49.854461669921875,N/A
400,0.05,N/A,440,26410,92.6,125.99,16.286970138549805,50.82301712036133,N/A
400,0.05,N/A,450,27269,85.9,113.18,16.75347900390625,20.68893814086914,N/A
400,0.05,N/A,460,28064,79.5,109.74,17.199718952178955,12.691825866699219,N/A
400,0.05,N/A,470,28888,82.4,108.5,17.64353895187378,22.05860137939453,N/A
400,0.05,N/A,480,29692,80.4,112.09,18.099125146865845,32.85636901855469,N/A
400,0.05,N/A,490,30517,82.5,143.8,18.65973997116089,121.75489807128906,N/A
400,0.05,N/A,500,31518,100.1,171.22,19.327052116394043,32.351402282714844,N/A
500,0.05,N/A,10,217,21.7,13.03,0.07207798957824707,65.59723663330078,N/A
500,0.05,N/A,20,387,17.0,28.77,0.18683815002441406,29.551511764526367,N/A
500,0.05,N/A,30,732,34.5,182.8,0.8176169395446777,90.0051040649414,N/A
500,0.05,N/A,40,1482,75.0,81.28,1.1582019329071045,31.562061309814453,N/A
500,0.05,N/A,50,2036,55.4,56.14,1.39910888671875,18.63323211669922,N/A
500,0.05,N/A,60,2524,48.8,55.61,1.6316330432891846,13.099658966064453,N/A
500,0.05,N/A,70,2955,43.1,128.02,2.0930142402648926,92.07332611083984,N/A
500,0.05,N/A,80,3895,94.0,260.33,3.032090902328491,44.09577941894531,N/A
500,0.05,N/A,90,5889,199.4,500.0,4.903821229934692,83.47021484375,N/A
100,0.01,N/A,10,118,11.8,9.41,0.05094480514526367,27.849515914916992,N/A
100,0.01,N/A,20,286,16.8,9.41,0.10149788856506348,26.0389404296875,N/A
100,0.01,N/A,30,445,15.9,24.38,0.1981799602508545,25.235610961914062,N/A
100,0.01,N/A,40,767,32.2,75.0,0.47201991081237793,34.98360824584961,N/A
100,0.01,N/A,50,1032,26.5,64.32,0.7070810794830322,30.57225799560547,N/A
100,0.01,N/A,60,1339,30.7,60.55,0.9335598945617676,34.53825378417969,N/A
100,0.01,N/A,70,1807,46.8,64.7,1.1943359375,39.07703399658203,N/A
100,0.01,N/A,80,2189,38.2,57.72,1.4254710674285889,25.43238639831543,N/A
100,0.01,N/A,90,2620,43.1,63.98,1.6820948123931885,60.689857482910156,N/A
100,0.01,N/A,100,3194,57.4,72.96,1.9829950332641602,27.383983612060547,N/A
100,0.01,N/A,110,3642,44.8,97.38,2.3504178524017334,37.37174987792969,N/A
100,0.01,N/A,120,4124,48.2,295.26,3.3593599796295166,42.889251708984375,N/A
100,0.01,N/A,130,4896,77.2,172.84,4.007089853286743,53.664852142333984,N/A
100,0.01,N/A,140,5551,65.5,126.19,4.491159915924072,48.81638717651367,N/A
100,0.01,N/A,150,6405,85.4,163.03,5.113943815231323,108.66644287109375,N/A
100,0.01,N/A,160,7530,112.5,161.47,5.753899812698364,89.24113464355469,N/A
100,0.01,N/A,170,8430,90.0,254.29,6.66852879524231,134.6798858642578,N/A
100,0.01,N/A,180,9924,149.4,385.4,8.059645891189575,121.94148254394531,N/A
100,0.01,N/A,190,12006,208.2,493.6,9.86237382888794,179.33709716796875,N/A
200,0.01,N/A,10,188,18.8,28.38,0.12199878692626953,54.391075134277344,N/A
200,0.01,N/A,20,558,37.0,43.67,0.3060178756713867,47.639671325683594,N/A
200,0.01,N/A,30,902,34.4,31.19,0.446563720703125,7.7502570152282715,N/A
200,0.01,N/A,40,1222,32.0,37.69,0.6056597232818604,47.224281311035156,N/A
200,0.01,N/A,50,1618,39.6,43.8,0.7921247482299805,15.354657173156738,N/A
200,0.01,N/A,60,2069,45.1,51.46,1.0098848342895508,27.10462760925293,N/A
200,0.01,N/A,70,2557,48.8,61.66,1.264192819595337,63.76339340209961,N/A
200,0.01,N/A,80,3099,54.2,66.87,1.5423927307128906,60.70185470581055,N/A
200,0.01,N/A,90,3668,56.9,59.91,1.799938678741455,18.90666961669922,N/A
200,0.01,N/A,100,4173,50.5,52.38,2.026601791381836,43.44600296020508,N/A
200,0.01,N/A,110,4756,58.3,50.46,2.2597439289093018,23.505266189575195,N/A
200,0.01,N/A,120,5181,42.5,51.18,2.473437786102295,30.61716079711914,N/A
200,0.01,N/A,130,5698,51.7,58.68,2.71793270111084,74.87403869628906,N/A
200,0.01,N/A,140,6385,68.7,73.87,3.0307347774505615,83.29467010498047,N/A
200,0.01,N/A,150,7050,66.5,130.39,3.520981788635254,60.42026901245117,N/A
200,0.01,N/A,160,7811,76.1,129.14,4.019660711288452,26.59778594970703,N/A
200,0.01,N/A,170,8643,83.2,80.35,4.368862867355347,46.63264846801758,N/A
200,0.01,N/A,180,9373,73.0,73.79,4.686135768890381,58.34691619873047,N/A
200,0.01,N/A,190,10151,77.8,87.49,5.05045485496521,94.15970611572266,N/A
200,0.01,N/A,200,10709,55.8,121.73,5.503271818161011,34.70783233642578,N/A
200,0.01,N/A,210,11712,100.3,148.58,6.088951587677002,72.8349609375,N/A
200,0.01,N/A,220,12899,118.7,181.41,6.832366704940796,119.33441162109375,N/A
200,0.01,N/A,230,13756,85.7,333.82,8.037280797958374,116.29673767089844,N/A
200,0.01,N/A,240,15300,154.4,227.74,8.949457883834839,66.00057220458984,N/A
200,0.01,N/A,250,16747,144.7,205.9,9.774136781692505,133.03660583496094,N/A
200,0.01,N/A,260,18637,189.0,375.4,11.190611839294434,230.52786254882812,N/A
200,0.01,N/A,270,21015,237.8,500.0,13.051153898239136,99.89110565185547,N/A
300,0.01,N/A,10,177,17.7,14.14,0.07623791694641113,9.231864929199219,N/A
300,0.01,N/A,20,439,26.2,24.17,0.18511009216308594,15.307994842529297,N/A
300,0.01,N/A,30,717,27.8,44.56,0.3596959114074707,23.89413833618164,N/A
300,0.01,N/A,40,1075,35.8,73.7,0.6352789402008057,23.363262176513672,N/A
300,0.01,N/A,50,1445,37.0,80.67,0.9349198341369629,15.667230606079102,N/A
300,0.01,N/A,60,2044,59.9,128.17,1.41585373878479,59.69670104980469,N/A
300,0.01,N/A,70,2538,49.4,90.35,1.761861801147461,22.57683563232422,N/A
300,0.01,N/A,80,3192,65.4,99.5,2.212402820587158,67.40389251708984,N/A
300,0.01,N/A,90,3896,70.4,146.86,2.7610349655151367,56.89393615722656,N/A
300,0.01,N/A,100,4730,83.4,315.49,3.868337869644165,80.98817443847656,N/A
300,0.01,N/A,110,5723,99.3,302.22,4.944597005844116,123.47148895263672,N/A
300,0.01,N/A,120,6925,120.2,396.01,6.344699859619141,163.4683380126953,N/A
300,0.01,N/A,130,7970,104.5,491.54,8.034909009933472,83.14323425292969,N/A
400,0.01,N/A,10,208,20.8,21.6,0.0976860523223877,23.060388565063477,N/A
400,0.01,N/A,20,428,22.0,23.03,0.1968979835510254,10.24456787109375,N/A
400,0.01,N/A,30,675,24.7,39.51,0.35091304779052734,79.1511459350586,N/A
400,0.01,N/A,40,927,25.2,80.82,0.6375620365142822,45.99768829345703,N/A
400,0.01,N/A,50,1224,29.7,107.36,1.0157020092010498,8.790833473205566,N/A
400,0.01,N/A,60,1696,47.2,74.95,1.312178134918213,25.931283950805664,N/A
400,0.01,N/A,70,2307,61.1,77.45,1.6356289386749268,39.093082427978516,N/A
400,0.01,N/A,80,3092,78.5,144.89,2.199132204055786,110.26823425292969,N/A
400,0.01,N/A,90,3643,55.1,169.28,2.8191030025482178,78.39639282226562,N/A
400,0.01,N/A,100,4394,75.1,165.3,3.4281508922576904,40.73894119262695,N/A
400,0.01,N/A,110,5007,61.3,139.4,3.94097900390625,56.98458480834961,N/A
400,0.01,N/A,120,5702,69.5,132.3,4.439548015594482,56.79777145385742,N/A
400,0.01,N/A,130,6442,74.0,184.43,5.11139702796936,83.93016052246094,N/A
400,0.01,N/A,140,7546,110.4,277.59,6.120331048965454,90.75823211669922,N/A
400,0.01,N/A,150,8742,119.6,496.25,7.83442497253418,142.28732299804688,N/A
500,0.01,N/A,10,217,21.7,9.28,0.059723854064941406,65.59723663330078,N/A
500,0.01,N/A,20,397,18.0,12.66,0.12176084518432617,41.69561004638672,N/A
500,0.01,N/A,30,698,30.1,29.27,0.24855518341064453,52.91670608520508,N/A
500,0.01,N/A,40,978,28.0,70.13,0.5038087368011475,32.71410369873047,N/A
500,0.01,N/A,50,1358,38.0,133.89,0.974031925201416,25.602962493896484,N/A
500,0.01,N/A,60,1820,46.2,203.62,1.6736299991607666,45.60063934326172,N/A
500,0.01,N/A,70,2478,65.8,85.14,2.017270803451538,56.16921615600586,N/A
500,0.01,N/A,80,2971,49.3,90.23,2.359799861907959,50.10970687866211,N/A
500,0.01,N/A,90,3548,57.7,97.17,2.7343461513519287,54.948974609375,N/A
500,0.01,N/A,100,4138,59.0,175.32,3.360292911529541,82.17684173583984,N/A
500,0.01,N/A,110,4778,64.0,251.4,4.251211881637573,38.61903381347656,N/A
500,0.01,N/A,120,5552,77.4,168.44,4.877424955368042,59.52949142456055,N/A
500,0.01,N/A,130,6238,68.6,143.04,5.414222002029419,45.337913513183594,N/A
500,0.01,N/A,140,7052,81.4,167.88,6.040822744369507,95.92259979248047,N/A
500,0.01,N/A,150,8092,104.0,321.3,7.182301998138428,98.65798950195312,N/A
500,0.01,N/A,160,9813,172.1,453.16,8.81892204284668,134.01577758789062,N/A
500,0.01,N/A,170,11475,166.2,246.22,9.805275917053223,91.5691146850586,N/A
500,0.01,N/A,180,13754,227.9,178.0,10.690035104751587,185.50758361816406,N/A
500,0.01,N/A,190,15597,184.3,178.69,11.46823787689209,86.96636199951172,N/A
500,0.01,N/A,200,16964,136.7,226.29,12.345932960510254,125.67117309570312,N/A
500,0.01,N/A,210,18753,178.9,273.93,13.419607877731323,82.8576431274414,N/A
500,0.01,N/A,220,20476,172.3,335.32,14.683846950531006,90.74812316894531,N/A
500,0.01,N/A,230,22214,173.8,384.19,16.10679793357849,52.678436279296875,N/A
500,0.01,N/A,240,23602,138.8,414.28,17.633908987045288,129.65606689453125,N/A
500,0.01,N/A,250,25641,203.9,430.28,19.25061011314392,113.34246826171875,N/A
500,0.01,N/A,260,27725,208.4,430.91,20.8645761013031,138.42337036132812,N/A
500,0.01,N/A,270,30154,242.9,426.3,22.497291088104248,102.75450897216797,N/A
500,0.01,N/A,280,32849,269.5,464.87,24.30827784538269,186.39474487304688,N/A
500,0.01,N/A,290,36114,326.5,497.67,26.36867904663086,161.53475952148438,N/A
100,0.005,N/A,10,118,11.8,9.41,0.06035113334655762,27.849515914916992,N/A
100,0.005,N/A,20,268,15.0,9.41,0.10956406593322754,9.439128875732422,N/A
100,0.005,N/A,30,420,15.2,9.41,0.1574840545654297,17.863807678222656,N/A
100,0.005,N/A,40,560,14.0,9.41,0.20377206802368164,1.2459396123886108,N/A
100,0.005,N/A,50,788,22.8,9.52,0.25935816764831543,58.82018280029297,N/A
100,0.005,N/A,60,1021,23.3,15.98,0.3368041515350342,32.525577545166016,N/A
100,0.005,N/A,70,1213,19.2,24.36,0.44053125381469727,20.345455169677734,N/A
100,0.005,N/A,80,1448,23.5,52.24,0.6442470550537109,55.63475799560547,N/A
100,0.005,N/A,90,1713,26.5,68.74,0.9043030738830566,12.662614822387695,N/A
100,0.005,N/A,100,1935,22.2,68.85,1.1589961051940918,32.358638763427734,N/A
100,0.005,N/A,110,2277,34.2,241.33,1.9986190795898438,38.95244598388672,N/A
100,0.005,N/A,120,2620,34.3,215.25,2.7495789527893066,34.71276092529297,N/A
100,0.005,N/A,130,3054,43.4,210.47,3.4920690059661865,28.619049072265625,N/A
100,0.005,N/A,140,3431,37.7,211.97,4.227732181549072,35.67435073852539,N/A
100,0.005,N/A,150,3869,43.8,211.54,4.971569061279297,12.122506141662598,N/A
100,0.005,N/A,160,4289,42.0,165.92,5.561902046203613,24.342594146728516,N/A
100,0.005,N/A,170,4806,51.7,239.24,6.4026641845703125,31.34132957458496,N/A
100,0.005,N/A,180,5246,44.0,314.83,7.488210201263428,22.679574966430664,N/A
100,0.005,N/A,190,5761,51.5,268.48,8.424785137176514,34.615230560302734,N/A
100,0.005,N/A,200,6239,47.8,276.34,9.37215518951416,40.29443359375,N/A
100,0.005,N/A,210,6895,65.6,283.82,10.35166883468628,39.373863220214844,N/A
100,0.005,N/A,220,7397,50.2,339.79,11.49614405632019,60.45857238769531,N/A
100,0.005,N/A,230,7928,53.1,300.5,12.511638879776001,43.24806213378906,N/A
100,0.005,N/A,240,8512,58.4,229.08,13.313241958618164,52.7013053894043,N/A
100,0.005,N/A,250,9246,73.4,314.61,14.402726173400879,114.0897216796875,N/A
100,0.005,N/A,260,9879,63.3,384.5,15.70252799987793,71.16070556640625,N/A
100,0.005,N/A,270,10788,90.9,393.67,17.06257700920105,77.7948989868164,N/A
100,0.005,N/A,280,12216,142.8,368.2,18.395487070083618,75.89981079101562,N/A
100,0.005,N/A,290,13182,96.6,433.47,19.89697289466858,72.85558319091797,N/A
100,0.005,N/A,300,14418,123.6,494.52,21.655184984207153,219.06198120117188,N/A
200,0.005,N/A,10,188,18.8,14.01,0.07262682914733887,54.391075134277344,N/A
200,0.005,N/A,20,438,25.0,26.16,0.1875298023223877,51.47776412963867,N/A
200,0.005,N/A,30,628,19.0,49.38,0.3724629878997803,31.453874588012695,N/A
200,0.005,N/A,40,954,32.6,44.93,0.5557260513305664,36.103981018066406,N/A
200,0.005,N/A,50,1267,31.3,42.12,0.7289488315582275,48.193885803222656,N/A
200,0.005,N/A,60,1655,38.8,40.87,0.9073340892791748,18.418556213378906,N/A
200,0.005,N/A,70,2019,36.4,44.82,1.0952260494232178,37.46001434326172,N/A
200,0.005,N/A,80,2373,35.4,48.98,1.2948288917541504,36.22036361694336,N/A
200,0.005,N/A,90,2685,31.2,51.35,1.4982500076293945,36.883277893066406,N/A
200,0.005,N/A,100,3115,43.0,53.92,1.722594976425171,31.414215087890625,N/A
200,0.005,N/A,110,3606,49.1,59.02,1.970376968383789,14.407790184020996,N/A
200,0.005,N/A,120,4103,49.7,67.11,2.2456109523773193,10.361412048339844,N/A
200,0.005,N/A,130,4567,46.4,81.5,2.5645811557769775,17.0504207611084,N/A
200,0.005,N/A,140,5040,47.3,85.21,2.8964641094207764,28.403120040893555,N/A
200,0.005,N/A,150,5600,56.0,75.29,3.205069065093994,36.338043212890625,N/A
200,0.005,N/A,160,6036,43.6,74.83,3.498612880706787,28.627843856811523,N/A
200,0.005,N/A,170,6567,53.1,71.57,3.7897510528564453,24.737056732177734,N/A
200,0.005,N/A,180,7132,56.5,75.15,4.093286037445068,36.45920181274414,N/A
200,0.005,N/A,190,7830,69.8,97.79,4.482274055480957,33.169254302978516,N/A
200,0.005,N/A,200,8501,67.1,118.06,4.932488918304443,66.49647521972656,N/A
200,0.005,N/A,210,9172,67.1,123.36,5.452846050262451,69.38104248046875,N/A
200,0.005,N/A,220,9701,52.9,97.75,5.836594820022583,25.261573791503906,N/A
200,0.005,N/A,230,10357,65.6,87.51,6.190464973449707,47.12680435180664,N/A
200,0.005,N/A,240,11173,81.6,88.31,6.572211980819702,64.7371826171875,N/A
200,0.005,N/A,250,11915,74.2,82.85,6.928950071334839,23.764963150024414,N/A
200,0.005,N/A,260,12432,51.7,81.26,7.2587890625,36.883914947509766,N/A
200,0.005,N/A,270,13200,76.8,84.91,7.6357831954956055,65.37915802001953,N/A
200,0.005,N/A,280,13968,76.8,93.57,8.03082799911499,49.102806091308594,N/A
200,0.005,N/A,290,14699,73.1,109.08,8.464483976364136,55.91316604614258,N/A
200,0.005,N/A,300,15478,77.9,162.8,9.071394920349121,87.88585662841797,N/A
200,0.005,N/A,310,16819,134.1,256.71,10.036729097366333,80.31437683105469,N/A
200,0.005,N/A,320,17999,118.0,451.22,11.606577157974243,139.93450927734375,N/A
200,0.005,N/A,330,19640,164.1,413.98,13.164659976959229,151.25694274902344,N/A
200,0.005,N/A,340,20793,115.3,365.72,14.494617938995361,155.7984619140625,N/A
200,0.005,N/A,350,22722,192.9,311.85,15.722385883331299,230.52622985839844,N/A
200,0.005,N/A,360,24238,151.6,318.6,16.923911094665527,60.04530334472656,N/A
200,0.005,N/A,370,26494,225.6,372.31,18.395141124725342,178.90574645996094,N/A
200,0.005,N/A,380,28323,182.9,438.0,20.058284997940063,206.3948516845703,N/A
200,0.005,N/A,390,30244,192.1,442.04,21.69212317466736,91.4549560546875,N/A
200,0.005,N/A,400,32163,191.9,386.47,23.166584014892578,63.41376495361328,N/A
200,0.005,N/A,410,34705,254.2,404.2,24.75466012954712,150.19871520996094,N/A
200,0.005,N/A,420,37011,230.6,442.09,26.436325073242188,131.473388671875,N/A
200,0.005,N/A,430,39415,240.4,479.89,28.251911163330078,120.48590850830078,N/A
300,0.005,N/A,10,177,17.7,9.87,0.06332111358642578,9.231864929199219,N/A
300,0.005,N/A,20,389,21.2,14.16,0.13427019119262695,29.49941062927246,N/A
300,0.005,N/A,30,667,27.8,16.6,0.21849703788757324,7.207807540893555,N/A
300,0.005,N/A,40,930,26.3,22.5,0.32039618492126465,42.48628616333008,N/A
300,0.005,N/A,50,1211,28.1,29.49,0.4468982219696045,61.07408905029297,N/A
300,0.005,N/A,60,1467,25.6,40.22,0.605485200881958,16.390857696533203,N/A
300,0.005,N/A,70,1851,38.4,50.16,0.80885910987854,68.08718872070312,N/A
300,0.005,N/A,80,2314,46.3,67.16,1.1355972290039062,97.28126525878906,N/A
300,0.005,N/A,90,2785,47.1,92.96,1.4888420104980469,31.84921646118164,N/A
300,0.005,N/A,100,3232,44.7,119.23,1.9403812885284424,31.625354766845703,N/A
300,0.005,N/A,110,3722,49.0,93.45,2.3066012859344482,21.829368591308594,N/A
300,0.005,N/A,120,4385,66.3,88.78,2.6723341941833496,45.34469223022461,N/A
300,0.005,N/A,130,4922,53.7,90.24,3.0307750701904297,38.95591735839844,N/A
300,0.005,N/A,140,5443,52.1,98.36,3.4105842113494873,46.2059326171875,N/A
300,0.005,N/A,150,5878,43.5,112.99,3.8274102210998535,47.10405349731445,N/A
300,0.005,N/A,160,6509,63.1,133.42,4.332428216934204,20.171215057373047,N/A
300,0.005,N/A,170,7393,88.4,169.45,4.980290174484253,55.394195556640625,N/A
300,0.005,N/A,180,8142,74.9,167.14,5.607869386672974,42.47868347167969,N/A
300,0.005,N/A,190,8736,59.4,177.9,6.254401206970215,53.1823616027832,N/A
300,0.005,N/A,200,9505,76.9,204.75,6.999725103378296,45.3793830871582,N/A
300,0.005,N/A,210,10456,95.1,228.75,7.833506107330322,65.28641510009766,N/A
300,0.005,N/A,220,11500,104.4,325.74,8.986429214477539,126.3712387084961,N/A
300,0.005,N/A,230,12551,105.1,421.11,10.447070360183716,127.5984115600586,N/A
300,0.005,N/A,240,13710,115.9,440.49,12.01306438446045,74.43385314941406,N/A
300,0.005,N/A,250,14863,115.3,407.3,13.472143173217773,124.88385009765625,N/A
300,0.005,N/A,260,15951,108.8,417.41,14.95361614227295,67.82807922363281,N/A
300,0.005,N/A,270,17333,138.2,433.01,16.526023149490356,105.25565338134766,N/A
300,0.005,N/A,280,18443,111.0,404.95,17.9704430103302,76.78045654296875,N/A
300,0.005,N/A,290,20900,245.7,397.28,19.533462047576904,74.26698303222656,N/A
300,0.005,N/A,300,22848,194.8,412.06,21.098300218582153,110.571533203125,N/A
300,0.005,N/A,310,24404,155.6,420.18,22.647242069244385,57.04790115356445,N/A
300,0.005,N/A,320,26013,160.9,371.21,24.096055030822754,113.50385284423828,N/A
300,0.005,N/A,330,28491,247.8,302.7,25.36145305633545,143.1936798095703,N/A
300,0.005,N/A,340,30381,189.0,279.94,26.48901128768921,78.97787475585938,N/A
300,0.005,N/A,350,32232,185.1,299.08,27.673607349395752,152.93417358398438,N/A
300,0.005,N/A,360,34291,205.9,290.53,28.85437536239624,96.16471099853516,N/A
300,0.005,N/A,370,36512,222.1,298.1,30.063974142074585,54.735809326171875,N/A
300,0.005,N/A,380,38487,197.5,319.89,31.36911940574646,89.54378509521484,N/A
300,0.005,N/A,390,40623,213.6,336.33,32.73800706863403,74.62413787841797,N/A
300,0.005,N/A,400,42552,192.9,387.5,34.27293419837952,116.98253631591797,N/A
300,0.005,N/A,410,45772,322.0,444.91,36.11756920814514,136.59622192382812,N/A
300,0.005,N/A,420,48017,224.5,463.19,38.01876211166382,118.72232055664062,N/A
300,0.005,N/A,430,50572,255.5,487.82,39.94470405578613,235.8389129638672,N/A
400,0.005,N/A,10,208,20.8,19.25,0.10709118843078613,23.060388565063477,N/A
400,0.005,N/A,20,440,23.2,25.06,0.2236790657043457,44.92363739013672,N/A
400,0.005,N/A,30,643,20.3,26.71,0.33817410469055176,19.89031410217285,N/A
400,0.005,N/A,40,928,28.5,29.03,0.4678232669830322,29.426776885986328,N/A
400,0.005,N/A,50,1395,46.7,41.15,0.6558651924133301,98.26884460449219,N/A
400,0.005,N/A,60,1785,39.0,53.86,0.8846042156219482,76.25115203857422,N/A
400,0.005,N/A,70,2334,54.9,70.79,1.1858539581298828,68.54053497314453,N/A
400,0.005,N/A,80,2818,48.4,106.81,1.607038974761963,21.1826171875,N/A
400,0.005,N/A,90,3268,45.0,89.91,1.966813325881958,33.30339431762695,N/A
400,0.005,N/A,100,3687,41.9,69.09,2.2561721801757812,47.595245361328125,N/A
400,0.005,N/A,110,4274,58.7,68.79,2.5592551231384277,17.012651443481445,N/A
400,0.005,N/A,120,4712,43.8,66.87,2.842355251312256,50.441322326660156,N/A
400,0.005,N/A,130,5232,52.0,64.85,3.1329381465911865,21.68982696533203,N/A
400,0.005,N/A,140,5628,39.6,65.58,3.4118640422821045,41.65290832519531,N/A
400,0.005,N/A,150,6173,54.5,66.38,3.7080512046813965,11.979851722717285,N/A
400,0.005,N/A,160,6837,66.4,72.68,4.0428242683410645,88.15908813476562,N/A
400,0.005,N/A,170,7455,61.8,79.9,4.382564306259155,25.01097869873047,N/A
400,0.005,N/A,180,8043,58.8,90.91,4.754132986068726,36.80506896972656,N/A
400,0.005,N/A,190,8597,55.4,112.14,5.191484212875366,49.13200378417969,N/A
400,0.005,N/A,200,9448,85.1,149.77,5.799716234207153,39.9687385559082,N/A
400,0.005,N/A,210,10359,91.1,172.14,6.4644763469696045,54.83185958862305,N/A
400,0.005,N/A,220,11116,75.7,182.02,7.136116027832031,83.67298126220703,N/A
400,0.005,N/A,230,11740,62.4,195.45,7.855317115783691,52.22042465209961,N/A
400,0.005,N/A,240,12779,103.9,250.02,8.812015295028687,135.96563720703125,N/A
400,0.005,N/A,250,14036,125.7,280.71,9.874849081039429,65.07865142822266,N/A
400,0.005,N/A,260,15614,157.8,281.56,10.959863185882568,112.23198699951172,N/A
400,0.005,N/A,270,16832,121.8,257.87,11.952970027923584,118.82810974121094,N/A
400,0.005,N/A,280,17974,114.2,249.66,12.881958246231079,103.33908081054688,N/A
400,0.005,N/A,290,18970,99.6,261.29,13.830471277236938,80.29825592041016,N/A
400,0.005,N/A,300,20114,114.4,290.84,14.887207269668579,45.2015380859375,N/A
400,0.005,N/A,310,21458,134.4,328.43,16.150782108306885,195.36419677734375,N/A
400,0.005,N/A,320,22863,140.5,395.37,17.59323215484619,94.63082885742188,N/A
400,0.005,N/A,330,24249,138.6,466.55,19.355977058410645,75.48932647705078,N/A
400,0.005,N/A,340,25749,150.0,498.22,21.134966135025024,172.0197296142578,N/A
500,0.005,N/A,10,217,21.7,9.28,0.061383962631225586,65.59723663330078,N/A
500,0.005,N/A,20,416,19.9,9.28,0.11445403099060059,63.03527069091797,N/A
500,0.005,N/A,30,595,17.9,15.88,0.18619918823242188,19.944169998168945,N/A
500,0.005,N/A,40,858,26.3,18.86,0.2760751247406006,23.474164962768555,N/A
500,0.005,N/A,50,1088,23.0,25.8,0.4096190929412842,31.901840209960938,N/A
500,0.005,N/A,60,1320,23.2,37.04,0.5584981441497803,39.755836486816406,N/A
500,0.005,N/A,70,1584,26.4,55.82,0.772498369216919,21.016550064086914,N/A
500,0.005,N/A,80,1851,26.7,71.18,1.0326402187347412,50.34431838989258,N/A
500,0.005,N/A,90,2228,37.7,107.16,1.419356346130371,93.51017761230469,N/A
500,0.005,N/A,100,2693,46.5,221.93,2.1919281482696533,47.061344146728516,N/A
500,0.005,N/A,110,3050,35.7,202.77,2.9081501960754395,24.918161392211914,N/A
500,0.005,N/A,120,3526,47.6,205.94,3.6444711685180664,38.30843734741211,N/A
500,0.005,N/A,130,3833,30.7,207.16,4.364844083786011,23.4797306060791,N/A
500,0.005,N/A,140,4211,37.8,239.68,5.182642221450806,71.51759338378906,N/A
500,0.005,N/A,150,4655,44.4,160.47,5.745772123336792,56.86452865600586,N/A
500,0.005,N/A,160,5190,53.5,109.17,6.169892311096191,38.05615234375,N/A
500,0.005,N/A,170,5680,49.0,102.55,6.565425157546997,31.9398250579834,N/A
500,0.005,N/A,180,6295,61.5,105.17,6.979826211929321,41.36567687988281,N/A
500,0.005,N/A,190,6937,64.2,117.74,7.435885190963745,90.31539154052734,N/A
500,0.005,N/A,200,7466,52.9,140.34,7.955331087112427,46.923709869384766,N/A
500,0.005,N/A,210,7992,52.6,179.75,8.600099086761475,57.3255500793457,N/A
500,0.005,N/A,220,8617,62.5,280.49,9.584920167922974,104.84679412841797,N/A
500,0.005,N/A,230,9629,101.2,384.25,10.950124025344849,80.49098205566406,N/A
500,0.005,N/A,240,10468,83.9,303.46,12.034765243530273,77.56072235107422,N/A
500,0.005,N/A,250,11434,96.6,266.99,13.011028051376343,169.97573852539062,N/A
500,0.005,N/A,260,13022,158.8,357.16,14.41112232208252,91.77486419677734,N/A
500,0.005,N/A,270,14246,122.4,440.88,15.966752052307129,148.214111328125,N/A
500,0.005,N/A,280,15784,153.8,493.71,17.725998163223267,93.01256561279297,N/A
100,0.001,N/A,10,118,11.8,9.41,0.05125308036804199,27.849515914916992,N/A
100,0.001,N/A,20,264,14.6,9.41,0.1001131534576416,15.834753036499023,N/A
100,0.001,N/A,30,404,14.0,9.41,0.1474161148071289,6.7800397872924805,N/A
100,0.001,N/A,40,534,13.0,9.41,0.19339513778686523,13.589784622192383,N/A
100,0.001,N/A,50,673,13.9,9.41,0.24037599563598633,49.363224029541016,N/A
100,0.001,N/A,60,876,20.3,9.41,0.2938210964202881,44.73057174682617,N/A
100,0.001,N/A,70,1009,13.3,9.41,0.34013795852661133,14.906444549560547,N/A
100,0.001,N/A,80,1152,14.3,9.41,0.3872208595275879,19.522247314453125,N/A
100,0.001,N/A,90,1322,17.0,9.41,0.4372410774230957,20.283836364746094,N/A
100,0.001,N/A,100,1466,14.4,9.41,0.4844350814819336,37.047462463378906,N/A
100,0.001,N/A,110,1608,14.2,9.41,0.5314240455627441,18.161815643310547,N/A
100,0.001,N/A,120,1741,13.3,9.41,0.5772991180419922,13.622780799865723,N/A
100,0.001,N/A,130,1898,15.7,9.41,0.6259620189666748,26.03917121887207,N/A
100,0.001,N/A,140,2025,12.7,9.41,0.6714041233062744,10.821206092834473,N/A
100,0.001,N/A,150,2178,15.3,9.41,0.7194869518280029,35.45109939575195,N/A
100,0.001,N/A,160,2303,12.5,9.41,0.7659821510314941,27.508617401123047,N/A
100,0.001,N/A,170,2479,17.6,9.41,0.8172461986541748,9.817598342895508,N/A
100,0.001,N/A,180,2616,13.7,9.41,0.8638708591461182,27.71073341369629,N/A
100,0.001,N/A,190,2836,22.0,9.41,0.918971061706543,60.441734313964844,N/A
100,0.001,N/A,200,3011,17.5,9.41,0.9694480895996094,7.430259704589844,N/A
100,0.001,N/A,210,3164,15.3,9.41,1.0175981521606445,12.139564514160156,N/A
100,0.001,N/A,220,3349,18.5,9.41,1.0689680576324463,64.30126190185547,N/A
100,0.001,N/A,230,3499,15.0,9.41,1.1167941093444824,35.56156539916992,N/A
100,0.001,N/A,240,3652,15.3,9.41,1.16593599319458,19.965410232543945,N/A
100,0.001,N/A,250,3823,17.1,9.41,1.2166810035705566,19.515817642211914,N/A
100,0.001,N/A,260,3992,16.9,9.41,1.2670812606811523,46.19001770019531,N/A
100,0.001,N/A,270,4149,15.7,9.41,1.3160371780395508,35.01972198486328,N/A
100,0.001,N/A,280,4400,25.1,9.41,1.374356985092163,24.01129150390625,N/A
100,0.001,N/A,290,4597,19.7,9.41,1.427687168121338,67.52765655517578,N/A
100,0.001,N/A,300,4783,18.6,9.41,1.479809045791626,21.93392562866211,N/A
100,0.001,N/A,310,4991,20.8,9.41,1.5339839458465576,21.16450309753418,N/A
100,0.001,N/A,320,5151,16.0,9.41,1.5833299160003662,6.207068920135498,N/A
100,0.001,N/A,330,5365,21.4,9.41,1.6381361484527588,34.84225082397461,N/A
100,0.001,N/A,340,5526,16.1,9.41,1.687479019165039,20.40973472595215,N/A
100,0.001,N/A,350,5718,19.2,9.41,1.739893913269043,45.067237854003906,N/A
100,0.001,N/A,360,5982,26.4,9.57,1.8004279136657715,78.87161254882812,N/A
100,0.001,N/A,370,6170,18.8,10.14,1.8549602031707764,25.968172073364258,N/A
100,0.001,N/A,380,6479,30.9,11.23,1.9256210327148438,74.17745208740234,N/A
100,0.001,N/A,390,6750,27.1,12.93,1.9983909130096436,60.584537506103516,N/A
100,0.001,N/A,400,6896,14.6,14.55,2.0632710456848145,39.4334831237793,N/A
100,0.001,N/A,410,7119,22.3,17.33,2.1447391510009766,105.58348083496094,N/A
100,0.001,N/A,420,7355,23.6,20.26,2.2375662326812744,38.970115661621094,N/A
100,0.001,N/A,430,7620,26.5,24.53,2.3475940227508545,38.960906982421875,N/A
100,0.001,N/A,440,7855,23.5,28.05,2.465801954269409,15.715742111206055,N/A
100,0.001,N/A,450,8090,23.5,33.62,2.602095127105713,51.2799186706543,N/A
100,0.001,N/A,460,8423,33.3,45.85,2.788435220718384,68.01123046875,N/A
100,0.001,N/A,470,8774,35.1,60.8,3.0256199836730957,24.1700496673584,N/A
100,0.001,N/A,480,8985,21.1,68.68,3.274578094482422,63.26153564453125,N/A
100,0.001,N/A,490,9330,34.5,69.19,3.5380048751831055,31.08380126953125,N/A
100,0.001,N/A,500,9655,32.5,68.8,3.798846960067749,41.39784240722656,N/A
200,0.001,N/A,10,188,18.8,9.42,0.05403423309326172,54.391075134277344,N/A
200,0.001,N/A,20,436,24.8,9.91,0.1159520149230957,43.07796859741211,N/A
200,0.001,N/A,30,705,26.9,10.94,0.1825399398803711,37.4580192565918,N/A
200,0.001,N/A,40,891,18.6,11.93,0.24332904815673828,7.644713401794434,N/A
200,0.001,N/A,50,1115,22.4,12.9,0.31110119819641113,49.00371551513672,N/A
200,0.001,N/A,60,1364,24.9,15.12,0.38925790786743164,31.644031524658203,N/A
200,0.001,N/A,70,1584,22.0,15.76,0.46643614768981934,36.24598693847656,N/A
200,0.001,N/A,80,1877,29.3,19.94,0.5649189949035645,30.80644416809082,N/A
200,0.001,N/A,90,2118,24.1,20.92,0.6612532138824463,29.49321937561035,N/A
200,0.001,N/A,100,2367,24.9,22.29,0.7624740600585938,53.26532745361328,N/A
200,0.001,N/A,110,2596,22.9,34.15,0.9002001285552979,48.9361572265625,N/A
200,0.001,N/A,120,2834,23.8,45.1,1.074951171875,44.11770248413086,N/A
200,0.001,N/A,130,3157,32.3,43.25,1.2528769969940186,46.59855270385742,N/A
200,0.001,N/A,140,3389,23.2,42.95,1.4204351902008057,34.054534912109375,N/A
200,0.001,N/A,150,3655,26.6,42.72,1.5903699398040771,60.47964096069336,N/A
200,0.001,N/A,160,3961,30.6,40.15,1.755791187286377,28.276134490966797,N/A
200,0.001,N/A,170,4219,25.8,40.02,1.9156231880187988,19.587202072143555,N/A
200,0.001,N/A,180,4433,21.4,40.45,2.0729801654815674,16.980527877807617,N/A
200,0.001,N/A,190,4742,30.9,42.1,2.244426965713501,73.46906280517578,N/A
200,0.001,N/A,200,4987,24.5,42.32,2.410231113433838,68.9365005493164,N/A
200,0.001,N/A,210,5253,26.6,41.86,2.5765631198883057,51.52142333984375,N/A
200,0.001,N/A,220,5539,28.6,42.8,2.747947931289673,35.07862854003906,N/A
200,0.001,N/A,230,5855,31.6,43.61,2.9250612258911133,61.140804290771484,N/A
200,0.001,N/A,240,6122,26.7,43.87,3.0989561080932617,18.681455612182617,N/A
200,0.001,N/A,250,6425,30.3,44.13,3.276527166366577,27.709810256958008,N/A
200,0.001,N/A,260,6726,30.1,44.0,3.453688144683838,11.419438362121582,N/A
200,0.001,N/A,270,6959,23.3,43.97,3.623734951019287,22.52509880065918,N/A
200,0.001,N/A,280,7399,44.0,43.9,3.8152501583099365,28.626060485839844,N/A
200,0.001,N/A,290,7738,33.9,44.73,4.000041246414185,31.743013381958008,N/A
200,0.001,N/A,300,8147,40.9,45.44,4.193885087966919,55.75473403930664,N/A
200,0.001,N/A,310,8519,37.2,46.33,4.386852025985718,32.94536209106445,N/A
200,0.001,N/A,320,8857,33.8,46.76,4.577463150024414,40.960628509521484,N/A
200,0.001,N/A,330,9203,34.6,47.9,4.771697044372559,38.5657844543457,N/A
200,0.001,N/A,340,9510,30.7,48.65,4.964186191558838,35.21611404418945,N/A
200,0.001,N/A,350,9855,34.5,49.52,5.16466212272644,14.607439041137695,N/A
200,0.001,N/A,360,10197,34.2,51.65,5.371187925338745,30.306028366088867,N/A
200,0.001,N/A,370,10555,35.8,52.17,5.580954074859619,40.97254180908203,N/A
200,0.001,N/A,380,10953,39.8,53.16,5.799268007278442,29.29254913330078,N/A
200,0.001,N/A,390,11338,38.5,54.0,6.0176920890808105,28.4777774810791,N/A
200,0.001,N/A,400,11692,35.4,55.68,6.239917993545532,27.62981605529785,N/A
200,0.001,N/A,410,12029,33.7,57.64,6.465538024902344,38.33048629760742,N/A
200,0.001,N/A,420,12367,33.8,61.0,6.701726913452148,42.15156173706055,N/A
200,0.001,N/A,430,12827,46.0,61.7,6.952662944793701,59.32204818725586,N/A
200,0.001,N/A,440,13150,32.3,62.68,7.192423105239868,20.63780975341797,N/A
200,0.001,N/A,450,13500,35.0,62.34,7.433803081512451,36.753170013427734,N/A
200,0.001,N/A,460,13823,32.3,64.18,7.677688121795654,16.96700096130371,N/A
200,0.001,N/A,470,14344,52.1,66.84,7.951301097869873,22.878692626953125,N/A
200,0.001,N/A,480,14643,29.9,71.47,8.217758893966675,32.70451736450195,N/A
200,0.001,N/A,490,15037,39.4,76.14,8.509872198104858,17.695232391357422,N/A
200,0.001,N/A,500,15469,43.2,77.05,8.807995080947876,50.34218215942383,N/A
300,0.001,N/A,10,177,17.7,9.28,0.052806854248046875,9.231864929199219,N/A
300,0.001,N/A,20,383,20.6,9.28,0.10742402076721191,41.8137321472168,N/A
300,0.001,N/A,30,635,25.2,9.28,0.1659858226776123,28.51591682434082,N/A
300,0.001,N/A,40,822,18.7,9.37,0.21806907653808594,41.03478240966797,N/A
300,0.001,N/A,50,1019,19.7,9.83,0.2726438045501709,48.17179489135742,N/A
300,0.001,N/A,60,1266,24.7,10.51,0.33461785316467285,15.891743659973145,N/A
300,0.001,N/A,70,1484,21.8,11.04,0.39560580253601074,22.97315216064453,N/A
300,0.001,N/A,80,1798,31.4,12.09,0.4696779251098633,22.975662231445312,N/A
300,0.001,N/A,90,2030,23.2,12.84,0.5382578372955322,21.876794815063477,N/A
300,0.001,N/A,100,2235,20.5,14.22,0.6081538200378418,21.44240379333496,N/A
300,0.001,N/A,110,2543,30.8,15.23,0.6918647289276123,26.639142990112305,N/A
300,0.001,N/A,120,2763,22.0,16.06,0.7694406509399414,53.98046112060547,N/A
300,0.001,N/A,130,2935,17.2,17.39,0.8462018966674805,12.4320707321167,N/A
300,0.001,N/A,140,3228,29.3,19.87,0.9437148571014404,52.21202087402344,N/A
300,0.001,N/A,150,3552,32.4,21.47,1.0500056743621826,35.76860046386719,N/A
300,0.001,N/A,160,3837,28.5,22.67,1.1559839248657227,16.408992767333984,N/A
300,0.001,N/A,170,4134,29.7,23.61,1.2665627002716064,32.51182174682617,N/A
300,0.001,N/A,180,4483,34.9,24.62,1.3859708309173584,20.49405288696289,N/A
300,0.001,N/A,190,4758,27.5,25.94,1.5016059875488281,28.688064575195312,N/A
300,0.001,N/A,200,5126,36.8,27.84,1.6334359645843506,18.26795768737793,N/A
300,0.001,N/A,210,5395,26.9,30.2,1.8233239650726318,25.326045989990234,N/A
300,0.001,N/A,220,5672,27.7,32.73,1.9619216918945312,11.04450511932373,N/A
300,0.001,N/A,230,5977,30.5,34.29,2.108292818069458,34.917076110839844,N/A
300,0.001,N/A,240,6224,24.7,35.99,2.2545008659362793,23.270414352416992,N/A
300,0.001,N/A,250,6591,36.7,39.07,2.42356276512146,86.25108337402344,N/A
300,0.001,N/A,260,6874,28.3,42.14,2.596181869506836,9.03669548034668,N/A
300,0.001,N/A,270,7250,37.6,44.08,2.7898449897766113,34.27513122558594,N/A
300,0.001,N/A,280,7473,22.3,45.58,3.0264718532562256,19.74871063232422,N/A
300,0.001,N/A,290,7755,28.2,48.04,3.215686798095703,55.464866638183594,N/A
300,0.001,N/A,300,8031,27.6,50.85,3.412310838699341,17.145536422729492,N/A
300,0.001,N/A,310,8303,27.2,52.92,3.613816738128662,23.208932876586914,N/A
300,0.001,N/A,320,8522,21.9,55.58,3.8181090354919434,18.11451530456543,N/A
300,0.001,N/A,330,8869,34.7,57.51,4.048000812530518,21.88637924194336,N/A
300,0.001,N/A,340,9421,55.2,60.57,4.310760974884033,65.5782470703125,N/A
300,0.001,N/A,350,9874,45.3,64.61,4.575941801071167,32.9323844909668,N/A
300,0.001,N/A,360,10303,42.9,71.44,4.860467910766602,36.84415817260742,N/A
300,0.001,N/A,370,10821,51.8,75.38,5.171263933181763,41.648292541503906,N/A
300,0.001,N/A,380,11203,38.2,77.08,5.469609975814819,26.26238250732422,N/A
300,0.001,N/A,390,11596,39.3,84.39,5.790608882904053,36.11394500732422,N/A
300,0.001,N/A,400,12092,49.6,96.4,6.161397695541382,46.229740142822266,N/A
300,0.001,N/A,410,12465,37.3,111.32,6.567182779312134,26.563474655151367,N/A
300,0.001,N/A,420,12744,27.9,119.07,6.988186836242676,11.514900207519531,N/A
300,0.001,N/A,430,12979,23.5,127.57,7.430794715881348,30.861106872558594,N/A
300,0.001,N/A,440,13399,42.0,126.57,7.885632753372192,24.129751205444336,N/A
300,0.001,N/A,450,13736,33.7,127.54,8.340759754180908,54.21074676513672,N/A
300,0.001,N/A,460,14121,38.5,129.44,8.800262928009033,28.786605834960938,N/A
300,0.001,N/A,470,14505,38.4,130.07,9.265793800354004,25.533679962158203,N/A
300,0.001,N/A,480,15047,54.2,133.39,9.762375831604004,34.92210388183594,N/A
300,0.001,N/A,490,15455,40.8,136.12,10.251935958862305,56.780784606933594,N/A
300,0.001,N/A,500,15901,44.6,135.38,10.744477033615112,29.587421417236328,N/A
400,0.001,N/A,10,208,20.8,16.82,0.08128905296325684,23.060388565063477,N/A
400,0.001,N/A,20,442,23.4,17.44,0.1646740436553955,17.12159538269043,N/A
400,0.001,N/A,30,670,22.8,19.78,0.2541651725769043,18.917266845703125,N/A
400,0.001,N/A,40,972,30.2,21.98,0.3580951690673828,109.40872955322266,N/A
400,0.001,N/A,50,1192,22.0,22.69,0.45604419708251953,19.945152282714844,N/A
400,0.001,N/A,60,1479,28.7,23.65,0.5637900829315186,52.33634567260742,N/A
400,0.001,N/A,70,1756,27.7,24.95,0.6747782230377197,23.782201766967773,N/A
400,0.001,N/A,80,2048,29.2,26.07,0.7912383079528809,23.881826400756836,N/A
400,0.001,N/A,90,2261,21.3,27.45,0.9038410186767578,9.409784317016602,N/A
400,0.001,N/A,100,2622,36.1,29.89,1.0436341762542725,31.320247650146484,N/A
400,0.001,N/A,110,2907,28.5,34.57,1.192669153213501,62.59882354736328,N/A
400,0.001,N/A,120,3256,34.9,38.79,1.3593993186950684,18.786211013793945,N/A
400,0.001,N/A,130,3474,21.8,41.75,1.5200011730194092,20.34976577758789,N/A
400,0.001,N/A,140,3749,27.5,44.42,1.7113993167877197,19.395591735839844,N/A
400,0.001,N/A,150,3965,21.6,48.05,1.8998801708221436,32.38570022583008,N/A
400,0.001,N/A,160,4346,38.1,52.17,2.1113929748535156,22.71914291381836,N/A
400,0.001,N/A,170,4668,32.2,55.26,2.326942205429077,49.26678466796875,N/A
400,0.001,N/A,180,4925,25.7,60.0,2.5564310550689697,79.51513671875,N/A
400,0.001,N/A,190,5428,50.3,64.61,2.824986219406128,30.201478958129883,N/A
400,0.001,N/A,200,5667,23.9,68.44,3.079399347305298,17.33894157409668,N/A
400,0.001,N/A,210,5978,31.1,73.72,3.355380058288574,51.646793365478516,N/A
400,0.001,N/A,220,6328,35.0,72.65,3.632049322128296,14.75365924835205,N/A
400,0.001,N/A,230,6627,29.9,74.63,3.911527156829834,41.90354919433594,N/A
400,0.001,N/A,240,6962,33.5,74.68,4.224745988845825,64.52596282958984,N/A
400,0.001,N/A,250,7395,43.3,84.26,4.593384265899658,6.944799900054932,N/A
400,0.001,N/A,260,7856,46.1,92.82,4.9498841762542725,40.50227355957031,N/A
400,0.001,N/A,270,8201,34.5,107.19,5.344011068344116,79.33821868896484,N/A
400,0.001,N/A,280,8549,34.8,115.51,5.767406225204468,19.106260299682617,N/A
400,0.001,N/A,290,8918,36.9,120.13,6.197787284851074,24.15243911743164,N/A
400,0.001,N/A,300,9226,30.8,121.11,6.627500057220459,31.72810935974121,N/A
400,0.001,N/A,310,9677,45.1,119.46,7.0876991748809814,44.932064056396484,N/A
400,0.001,N/A,320,10014,33.7,120.8,7.523799180984497,33.698097229003906,N/A
400,0.001,N/A,330,10465,45.1,129.88,7.995722055435181,47.585391998291016,N/A
400,0.001,N/A,340,10755,29.0,125.05,8.440686225891113,40.21879577636719,N/A
400,0.001,N/A,350,11190,43.5,122.8,8.886376142501831,22.546539306640625,N/A
400,0.001,N/A,360,11538,34.8,116.33,9.304973125457764,72.86141967773438,N/A
400,0.001,N/A,370,12021,48.3,114.01,9.72814416885376,36.452125549316406,N/A
400,0.001,N/A,380,12460,43.9,115.16,10.163871049880981,36.21208572387695,N/A
400,0.001,N/A,390,12932,47.2,112.96,10.586215257644653,28.459030151367188,N/A
400,0.001,N/A,400,13355,42.3,114.39,11.062740087509155,25.831167221069336,N/A
400,0.001,N/A,410,13905,55.0,113.38,11.492792129516602,49.07989501953125,N/A
400,0.001,N/A,420,14379,47.4,116.52,11.924524068832397,32.43239974975586,N/A
400,0.001,N/A,430,15044,66.5,120.66,12.388510942459106,19.77128791809082,N/A
400,0.001,N/A,440,15560,51.6,121.68,12.840769052505493,13.450112342834473,N/A
400,0.001,N/A,450,16116,55.6,125.0,13.30732798576355,39.194007873535156,N/A
400,0.001,N/A,460,16526,41.0,126.77,13.76679515838623,65.1079330444336,N/A
400,0.001,N/A,470,17151,62.5,128.43,14.246196031570435,56.610904693603516,N/A
400,0.001,N/A,480,17676,52.5,127.45,14.71169924736023,34.142242431640625,N/A
400,0.001,N/A,490,18070,39.4,129.11,15.168523073196411,24.549945831298828,N/A
400,0.001,N/A,500,18434,36.4,136.01,15.644513130187988,30.591585159301758,N/A
500,0.001,N/A,10,217,21.7,9.47,0.056092023849487305,65.59723663330078,N/A
500,0.001,N/A,20,383,16.6,9.34,0.10534191131591797,34.2885627746582,N/A
500,0.001,N/A,30,553,17.0,9.28,0.15401697158813477,32.48307418823242,N/A
500,0.001,N/A,40,716,16.3,9.28,0.2020111083984375,15.020591735839844,N/A
500,0.001,N/A,50,954,23.8,9.28,0.2576119899749756,45.72601318359375,N/A
500,0.001,N/A,60,1111,15.7,9.28,0.3051340579986572,18.135229110717773,N/A
500,0.001,N/A,70,1346,23.5,9.28,0.3603231906890869,20.002880096435547,N/A
500,0.001,N/A,80,1539,19.3,9.28,0.4114339351654053,27.36818504333496,N/A
500,0.001,N/A,90,1731,19.2,9.28,0.4624462127685547,31.621652603149414,N/A
500,0.001,N/A,100,1934,20.3,9.28,0.5144069194793701,17.865921020507812,N/A
500,0.001,N/A,110,2082,14.8,9.28,0.5608682632446289,32.49507141113281,N/A
500,0.001,N/A,120,2390,30.8,9.28,0.6233620643615723,47.56113052368164,N/A
500,0.001,N/A,130,2577,18.7,9.28,0.6740632057189941,62.556583404541016,N/A
500,0.001,N/A,140,2815,23.8,9.28,0.7295019626617432,55.6961784362793,N/A
500,0.001,N/A,150,3040,22.5,9.28,0.7836689949035645,45.45451736450195,N/A
500,0.001,N/A,160,3261,22.1,9.28,0.837630033493042,14.243623733520508,N/A
500,0.001,N/A,170,3512,25.1,9.4,0.8950250148773193,55.2591438293457,N/A
500,0.001,N/A,180,3679,16.7,10.15,0.9464521408081055,25.921850204467773,N/A
500,0.001,N/A,190,3892,21.3,12.48,1.009709119796753,57.74299621582031,N/A
500,0.001,N/A,200,4144,25.2,16.51,1.089968204498291,70.02330780029297,N/A
500,0.001,N/A,210,4398,25.4,21.83,1.1874451637268066,25.66918182373047,N/A
500,0.001,N/A,220,4698,30.0,28.08,1.3100001811981201,39.678314208984375,N/A
500,0.001,N/A,230,4931,23.3,33.11,1.441939115524292,59.85838317871094,N/A
500,0.001,N/A,240,5214,28.3,37.41,1.5922000408172607,68.38101959228516,N/A
500,0.001,N/A,250,5430,21.6,42.97,1.7536990642547607,63.19435501098633,N/A
500,0.001,N/A,260,5744,31.4,47.94,1.9413321018218994,50.97095489501953,N/A
500,0.001,N/A,270,5994,25.0,53.89,2.1407129764556885,15.876982688903809,N/A
500,0.001,N/A,280,6403,40.9,58.81,2.3722739219665527,60.3007698059082,N/A
500,0.001,N/A,290,6635,23.2,67.24,2.6132092475891113,74.00341033935547,N/A
500,0.001,N/A,300,6878,24.3,70.78,2.866826057434082,6.609312534332275,N/A
500,0.001,N/A,310,7164,28.6,73.26,3.1319401264190674,25.946727752685547,N/A
500,0.001,N/A,320,7431,26.7,75.2,3.401492118835449,46.01359176635742,N/A
500,0.001,N/A,330,7780,34.9,93.86,3.7389299869537354,63.88230514526367,N/A
500,0.001,N/A,340,8034,25.4,108.98,4.114491939544678,38.34596252441406,N/A
500,0.001,N/A,350,8355,32.1,130.3,4.565345048904419,30.38752555847168,N/A
500,0.001,N/A,360,8618,26.3,144.93,5.056592226028442,35.55472946166992,N/A
500,0.001,N/A,370,8920,30.2,161.54,5.605772018432617,23.25204849243164,N/A
500,0.001,N/A,380,9190,27.0,183.38,6.218976974487305,37.188621520996094,N/A
500,0.001,N/A,390,9522,33.2,183.92,6.8455259799957275,80.26229095458984,N/A
500,0.001,N/A,400,9908,38.6,193.41,7.506849050521851,31.01595687866211,N/A
500,0.001,N/A,410,10263,35.5,170.08,8.110294103622437,38.52279281616211,N/A
500,0.001,N/A,420,10605,34.2,146.88,8.628005266189575,58.25039291381836,N/A
500,0.001,N/A,430,10988,38.3,120.13,9.060585021972656,61.18095779418945,N/A
500,0.001,N/A,440,11376,38.8,107.39,9.450501918792725,18.9406681060791,N/A
500,0.001,N/A,450,11801,42.5,99.22,9.818591117858887,46.59055709838867,N/A
500,0.001,N/A,460,12158,35.7,96.31,10.171262979507446,50.93157196044922,N/A
500,0.001,N/A,470,12593,43.5,85.48,10.4951810836792,41.6431884765625,N/A
500,0.001,N/A,480,13165,57.2,86.35,10.842619180679321,44.51976776123047,N/A
500,0.001,N/A,490,13614,44.9,86.62,11.178478240966797,14.769682884216309,N/A
500,0.001,N/A,500,14079,46.5,87.58,11.516431093215942,67.36227416992188,N/A
