seed,global_episode,total_steps,train_mean_reward,eval_mean_reward,grad_norm,time_seconds
10,10,232,23.2,92.71,53.27479172757979,0.3894028663635254
10,20,677,44.5,35.11,62.6413631243943,0.5617668628692627
10,30,1127,45.0,55.47,52.95514444498022,0.8040339946746826
10,40,1571,44.4,69.89,22.63970340339081,1.10457181930542
10,50,2060,48.9,28.49,70.05793682822079,1.2615389823913574
10,60,2354,29.4,56.35,33.81152545142543,1.493309736251831
10,70,2805,45.1,124.97,31.6817120131854,1.9774577617645264
10,80,3744,93.9,145.71,53.47489380743158,2.5779078006744385
10,90,4495,75.1,167.99,65.45528080865232,3.2298107147216797
10,100,5448,95.3,118.49,63.864789024053096,3.767730951309204
10,110,6098,65.0,117.63,88.64084964608575,4.25746488571167
10,120,6768,67.0,108.84,98.40752184638619,4.7170188426971436
10,130,7415,64.7,147.65,86.1645757038757,5.307840824127197
10,140,8380,96.5,138.83,89.7666588406655,5.9336419105529785
10,150,9739,135.9,492.22,63.11517929438495,7.744692802429199
20,10,169,16.9,15.89,72.5104145393874,0.08090877532958984
20,20,388,21.9,40.4,33.28845616394027,0.2451000213623047
20,30,722,33.4,53.08,43.03808982390499,0.46247291564941406
20,40,1164,44.2,29.09,60.91610539793296,0.6131389141082764
20,50,1561,39.7,39.35,17.225101785780584,0.794008731842041
20,60,2046,48.5,24.39,120.9089597661409,0.933384895324707
20,70,2281,23.5,48.49,40.34280726148571,1.1277010440826416
20,80,2729,44.8,34.54,18.84082855914048,1.2971398830413818
20,90,3046,31.7,83.6,77.45469213447102,1.6173839569091797
20,100,3688,64.2,38.68,82.65952733574655,1.8570868968963623
20,110,4102,41.4,115.14,56.01336256013641,2.3058078289031982
20,120,5225,112.3,100.06,70.94542599492415,2.7731378078460693
20,130,5890,66.5,19.8,182.24160212353019,2.9186460971832275
20,140,6089,19.9,34.96,52.37115457101709,3.0633318424224854
20,150,6412,32.3,50.89,16.634912563450374,3.276738166809082
20,160,6831,41.9,176.51,66.78526764481458,3.9209280014038086
20,170,8687,185.6,182.86,79.1255354566117,4.760231018066406
20,180,10119,143.2,134.02,68.42192744290118,5.384650945663452
20,190,11304,118.5,119.85,57.47610107221871,5.9409019947052
20,200,12401,109.7,207.68,45.06337637282187,6.784711837768555
20,210,14259,185.8,223.34,48.18661455751947,7.765974044799805
20,220,16092,183.3,366.55,56.53701349055365,9.230822801589966
20,230,19066,297.4,56.49,172.90837641114226,9.779967069625854
20,240,19629,56.3,215.16,76.02908848779101,10.582775831222534
20,250,21619,199.0,239.75,85.37004654758091,11.62319278717041
20,260,24197,257.8,101.54,216.47690640132404,12.357159852981567
20,270,25257,106.0,55.16,61.481681863304445,12.680469036102295
20,280,25756,49.9,43.25,33.203653390520145,12.890410900115967
20,290,26170,41.4,72.67,58.87689346287703,13.186802864074707
20,300,26785,61.5,60.34,21.86169246679006,13.462610006332397
20,310,27361,57.6,93.46,53.821398881339654,13.846092700958252
20,320,28227,86.6,86.88,112.09460106485744,14.241639852523804
20,330,28921,69.4,138.18,109.41094606155542,14.799790859222412
20,340,30245,132.4,238.76,66.35819753221722,15.764147996902466
20,350,32183,193.8,65.76,241.0212980371062,16.20981001853943
20,360,32748,56.5,90.05,51.34303704964138,16.584945917129517
20,370,33607,85.9,98.03,34.20126799482818,17.014263153076172
20,380,34732,112.5,88.74,52.48114982846964,17.447192907333374
20,390,35495,76.3,137.42,75.52747904042658,18.00435996055603
20,400,36873,137.8,109.39,45.632975123845824,18.527956008911133
20,410,37919,104.6,283.69,107.87415363475358,19.612876892089844
20,420,40339,242.0,121.73,85.83024635084875,20.313305854797363
20,430,41578,123.9,238.7,67.6302805004469,21.296578884124756
20,440,43574,199.6,308.15,135.23338151560864,22.580127954483032
20,450,46627,305.3,346.85,208.33016961549407,24.181028842926025
20,460,48003,137.6,411.5,98.77091045188483,25.748435020446777
20,470,50450,244.7,382.31,48.906120304220345,27.306840896606445
20,480,52374,192.4,500.0,82.87495879461623,29.232017993927002
30,10,216,21.6,54.5,67.46769790441297,0.2203078269958496
30,20,535,31.9,33.97,18.942071410660922,0.37383079528808594
30,30,867,33.2,24.07,66.04589421879011,0.49537086486816406
30,40,1133,26.6,24.83,4.469631584775003,0.6117157936096191
30,50,1392,25.9,154.64,42.783430168646355,1.1643569469451904
30,60,1886,49.4,64.66,41.54416556318928,1.4437570571899414
30,70,2352,46.6,92.22,16.832714593615812,1.8082828521728516
30,80,2788,43.6,77.02,45.112491748017575,2.118231773376465
30,90,3589,80.1,124.35,52.186255545268786,2.628018856048584
30,100,4491,90.2,20.41,115.58738004480948,2.8049468994140625
30,110,4695,20.4,26.1,24.482802952281,2.9212238788604736
30,120,4949,25.4,110.76,71.200209973703,3.332744836807251
30,130,5795,84.6,127.54,55.230127937631764,3.9016058444976807
30,140,6748,95.3,26.81,110.16393880216903,4.103193759918213
30,150,7033,28.5,26.9,8.768952346987756,4.230746746063232
30,160,7335,30.2,80.54,27.376454553911294,4.54703688621521
30,170,7774,43.9,288.05,78.86014186559687,5.565178871154785
30,180,8506,73.2,37.53,111.60985462541954,5.7773659229278564
30,190,8931,42.5,262.55,80.73225894901262,6.72063684463501
30,200,10604,167.3,81.99,138.83538635592546,7.190183877944946
30,210,11194,59.0,237.77,77.20848045180126,8.061176776885986
30,220,12310,111.6,256.42,85.65800531056276,9.093624830245972
30,230,12806,49.6,500.0,79.97594342930303,10.874950885772705
40,10,213,21.3,33.51,54.864885142020626,0.14043879508972168
40,20,628,41.5,25.86,45.7553777457526,0.2770569324493408
40,30,935,30.7,36.71,9.484908628707117,0.4392566680908203
40,40,1333,39.8,17.49,74.10677047223915,0.5452380180358887
40,50,1591,25.8,53.37,44.932939420819295,0.7584428787231445
40,60,2020,42.9,77.77,28.779596211634612,1.1204328536987305
40,70,2532,51.2,21.11,66.22656656110887,1.2571487426757812
40,80,2798,26.6,31.25,29.61403996009361,1.3980097770690918
40,90,3124,32.6,58.84,56.6511386301822,1.6338927745819092
40,100,3627,50.3,40.38,51.61995937432707,1.8279056549072266
40,110,3953,32.6,22.36,34.516707357640975,1.9420278072357178
40,120,4204,25.1,35.0,29.831968106351407,2.0901057720184326
40,130,4580,37.6,70.3,53.63073491970027,2.3730597496032715
40,140,5125,54.5,82.24,12.62466832862721,2.7153987884521484
40,150,5701,57.6,44.73,26.676032977535627,2.9347426891326904
40,160,6130,42.9,60.79,58.6942377194318,3.191596031188965
40,170,6629,49.9,132.49,23.642078905700256,3.7052218914031982
40,180,7262,63.3,44.59,41.97141168162734,3.9363558292388916
40,190,7742,48.0,114.76,39.609132913939,4.379032850265503
40,200,8434,69.2,36.97,48.010314609886905,4.585697650909424
40,210,8861,42.7,112.37,47.363093348549945,5.019824743270874
40,220,9379,51.8,72.16,19.638339732975524,5.324005842208862
40,230,9992,61.3,47.59,15.892895380097837,5.558284759521484
40,240,10417,42.5,74.15,53.372974544867425,5.861658811569214
40,250,11002,58.5,130.56,28.210783573201056,6.370306730270386
40,260,11761,75.9,39.5,50.932146689447336,6.591964960098267
40,270,12132,37.1,49.98,13.342042151420703,6.803934812545776
40,280,12650,51.8,78.56,62.988379447139245,7.1650896072387695
40,290,13389,73.9,31.05,102.97847698850727,7.353448867797852
40,300,13701,31.2,28.71,10.179243802453426,7.526447772979736
40,310,13996,29.5,54.22,43.86643628066076,7.748145818710327
40,320,14558,56.2,83.86,32.90632842633067,8.094437837600708
40,330,15477,91.9,172.82,34.77179193040842,8.777263879776001
40,340,16448,97.1,26.95,103.4246509861666,8.979833841323853
40,350,16720,27.2,25.55,10.245597513315348,9.103774785995483
40,360,16969,24.9,28.77,17.32728147121261,9.229551792144775
40,370,17264,29.5,55.65,38.02323043060386,9.454996824264526
40,380,17750,48.6,44.43,121.25710269392445,9.663080930709839
40,390,18123,37.3,134.37,42.72779017103738,10.16390085220337
40,400,19148,102.5,23.27,168.34392094029002,10.359535694122314
40,410,19404,25.6,129.99,53.68141546072424,10.829917907714844
40,420,20285,88.1,25.79,254.68481570849593,11.016044616699219
40,430,20516,23.1,102.87,62.14618669731256,11.391980648040771
40,440,21241,72.5,108.41,24.848540588324845,11.83758282661438
40,450,21841,60.0,90.19,126.44984224951541,12.21164584159851
40,460,22487,64.6,360.29,124.22717769353804,13.526351690292358
40,470,24842,235.5,132.99,124.10911762893136,14.24744176864624
40,480,26191,134.9,495.4,116.2240046837995,16.138263702392578
50,10,238,23.8,16.45,48.26164060504443,0.08996391296386719
50,20,454,21.6,24.86,20.15481337873471,0.19967103004455566
50,30,728,27.4,60.48,46.77122890947998,0.43358397483825684
50,40,1166,43.8,39.34,12.67059775613681,0.6155641078948975
50,50,1609,44.3,34.01,61.48439207637848,0.783735990524292
50,60,1985,37.6,56.33,27.381963970776233,1.0199949741363525
50,70,2324,33.9,109.01,32.32909027330535,1.4311048984527588
50,80,3052,72.8,38.67,80.51711137826372,1.6451799869537354
50,90,3408,35.6,182.17,80.4622049285177,2.3008830547332764
50,100,4184,77.6,191.14,97.02385544869202,3.0372140407562256
50,110,4772,58.8,162.68,132.5324840548748,3.6521449089050293
50,120,5159,38.7,500.0,77.8421027750946,5.405976057052612
60,10,253,25.3,9.33,23.282873186701117,0.06287622451782227
60,20,484,23.1,29.82,19.77156343232228,0.19254708290100098
60,30,683,19.9,40.14,26.14681466824499,0.37241220474243164
60,40,986,30.3,28.06,52.46423179165392,0.5040831565856934
60,50,1368,38.2,30.33,75.18940518966775,0.6514561176300049
60,60,1626,25.8,32.71,12.360747434519714,0.7970001697540283
60,70,2147,52.1,50.84,64.50574877679288,1.0319249629974365
60,80,2540,39.3,21.44,42.849476589883594,1.1517400741577148
60,90,2774,23.4,161.71,69.60840775957524,1.7604889869689941
60,100,3472,69.8,61.64,38.1043855120604,2.0468149185180664
60,110,4056,58.4,61.4,97.78327752361498,2.3244290351867676
60,120,4503,44.7,166.87,46.35627725771294,2.942970037460327
60,130,5454,95.1,106.66,62.93887629365215,3.4088611602783203
60,140,6115,66.1,128.27,69.81524942675335,3.920837163925171
60,150,6884,76.9,97.03,114.00447298106663,4.345381021499634
60,160,7335,45.1,194.59,47.84278695280295,5.100367069244385
60,170,8315,98.0,77.31,92.67886743818931,5.49088716506958
60,180,8672,35.7,234.76,60.6195460578597,6.340536117553711
60,190,9807,113.5,499.63,54.23554875739761,8.198286056518555
70,10,222,22.2,58.75,21.010968325013856,0.23207497596740723
70,20,504,28.2,54.96,56.31475256152584,0.49228811264038086
70,30,920,41.6,19.58,61.293641667810085,0.6096141338348389
70,40,1133,21.3,69.92,52.64982952540442,0.8797991275787354
70,50,1705,57.2,62.29,11.373647430078583,1.1603710651397705
70,60,2175,47.0,22.98,56.60630058902171,1.3235399723052979
70,70,2550,37.5,63.85,61.99198939417233,1.590381145477295
70,80,3141,59.1,104.95,14.884457167753697,2.0190389156341553
70,90,3645,50.4,44.61,36.83014117204742,2.2328319549560547
70,100,4079,43.4,22.27,106.3305449218696,2.3608620166778564
70,110,4335,25.6,47.28,45.17394937312886,2.554749011993408
70,120,4684,34.9,48.66,10.825833766493487,2.762770175933838
70,130,5163,47.9,119.25,28.984240817898996,3.2261412143707275
70,140,5738,57.5,34.39,60.17314975324937,3.4116711616516113
70,150,6045,30.7,67.21,38.7973972089682,3.6799700260162354
70,160,6672,62.7,75.34,42.96671533050822,4.010380029678345
70,170,7404,73.2,81.44,46.13133676647551,4.375323057174683
70,180,8062,65.8,60.51,62.82714626443067,4.659271240234375
70,190,8635,57.3,140.17,57.56738054750984,5.2077250480651855
70,200,10005,137.0,14.3,241.37148088389281,5.412308931350708
70,210,10142,13.7,20.66,41.96150219259822,5.503985166549683
70,220,10331,18.9,21.25,5.923733233908727,5.598793983459473
70,230,10548,21.7,78.09,49.08323920936575,5.886444091796875
70,240,11112,56.4,118.45,97.79085762309876,6.346053123474121
70,250,11875,76.3,101.64,50.325580223594386,6.773226022720337
70,260,12817,94.2,50.52,117.18023425595939,7.053462028503418
70,270,13219,40.2,96.22,65.30363695373008,7.427715063095093
70,280,13916,69.7,115.49,29.290591708075425,7.8923280239105225
70,290,14523,60.7,50.49,51.707007945411334,8.130787134170532
70,300,14960,43.7,118.24,83.70240043555961,8.584189891815186
70,310,15627,66.7,124.45,9.400680943038127,9.084273099899292
70,320,16337,71.0,155.19,36.680093489992075,9.751557111740112
70,330,17188,85.1,171.08,57.35945044446148,10.444397211074829
70,340,18437,124.9,156.46,38.36706549304486,11.11801815032959
70,350,19484,104.7,75.31,57.61691072290382,11.498187065124512
70,360,20218,73.4,91.41,69.8530762658454,11.896774291992188
70,370,20920,70.2,131.67,45.29517683969259,12.423697233200073
70,380,21750,83.0,80.92,66.49212760031557,12.79274606704712
70,390,22326,57.6,26.74,78.19311856288545,12.950835943222046
70,400,22517,19.1,60.97,46.02548579858591,13.186444997787476
70,410,22995,47.8,84.04,30.39576983393344,13.52879810333252
70,420,23657,66.2,127.9,59.1826366699811,14.039099216461182
70,430,24765,110.8,125.58,76.57061840392348,14.62942099571228
70,440,25615,85.0,191.51,91.20469021424165,15.381213188171387
70,450,26982,136.7,233.19,39.4645741147041,16.346145153045654
70,460,28793,181.1,420.53,84.54521569167603,17.983710050582886
70,470,31429,263.6,384.71,51.09871033950185,19.587860107421875
70,480,34618,318.9,36.99,168.6535603640454,20.136438131332397
70,490,35032,41.4,124.14,61.34206493436189,20.616575956344604
70,500,36101,106.9,64.59,151.24503867863584,20.9607150554657
80,10,223,22.3,83.87,30.36359372620646,0.3197779655456543
80,20,510,28.7,23.1,44.0294150936169,0.4334120750427246
80,30,844,33.4,101.59,33.807809479514724,0.8205118179321289
80,40,1179,33.5,60.99,24.495066069004707,1.0700459480285645
80,50,1612,43.3,22.26,100.91200922724884,1.1970810890197754
80,60,1809,19.7,29.03,24.830304960142392,1.3207919597625732
80,70,2102,29.3,70.4,51.37501666209953,1.5931899547576904
80,80,2792,69.0,41.97,69.60251271320146,1.8142650127410889
80,90,3235,44.3,67.4,40.3243017470258,2.0956578254699707
80,100,3845,61.0,69.73,44.569998223844195,2.4012808799743652
80,110,4495,65.0,149.76,48.87350658359333,2.9848580360412598
80,120,5295,80.0,44.47,62.82249380230778,3.2264387607574463
80,130,5680,38.5,42.34,7.0451690632229855,3.415634870529175
80,140,6137,45.7,182.51,63.819227722401365,4.089462995529175
80,150,6998,86.1,172.2,32.91417894129779,4.771991968154907
80,160,7707,70.9,44.51,59.438253959967525,5.005661964416504
80,170,8079,37.2,193.1,51.658046141799474,5.698412895202637
80,180,8882,80.3,127.11,33.98813704789104,6.248783111572266
80,190,9943,106.1,88.16,59.796024712882264,6.674695730209351
80,200,10687,74.4,112.5,113.3204156339227,7.144261837005615
80,210,11370,68.3,141.84,62.13449362231053,7.70085072517395
80,220,12628,125.8,175.4,54.377766406589224,8.47171401977539
80,230,14424,179.6,93.61,123.90108872974692,8.995344877243042
80,240,14861,43.7,387.23,98.8959746652817,10.374612808227539
80,250,18688,382.7,102.69,126.51365809813699,11.164963006973267
80,260,19600,91.2,175.64,39.357442327692034,11.875862836837769
80,270,20816,121.6,55.69,138.7409767355634,12.208316802978516
80,280,21287,47.1,103.88,60.13398114527776,12.622065782546997
80,290,22301,101.4,190.73,133.20938167191716,13.381637811660767
80,300,24070,176.9,224.2,28.03850066124842,14.389931917190552
80,310,26253,218.3,13.88,378.20964057767736,14.689527988433838
80,320,26398,14.5,14.28,4.789145750708247,14.766669034957886
80,330,26544,14.6,16.38,21.49307353906487,14.842358827590942
80,340,26698,15.4,29.24,32.31608540043537,14.962140798568726
80,350,26913,21.5,53.73,29.367680828173654,15.171006917953491
80,360,27315,40.2,99.21,74.65527090377071,15.557621955871582
80,370,28061,74.6,78.11,42.71007241393763,15.907731771469116
80,380,28798,73.7,29.64,82.19422273337076,16.094855785369873
80,390,29119,32.1,89.63,52.288281362303785,16.439334869384766
80,400,30072,95.3,246.78,113.97635202002392,17.449753999710083
80,410,32032,196.0,214.45,33.73812843325256,18.402363061904907
80,420,33860,182.8,226.22,88.04259590618811,19.443583965301514
80,430,35327,146.7,393.35,112.5872832859079,20.95959496498108
80,440,37894,256.7,459.3,24.973585812398944,22.91172504425049
80,450,40158,226.4,333.39,110.12327547980642,24.30098295211792
80,460,43458,330.0,177.32,76.59969431387914,25.29085898399353
80,470,45232,177.4,116.3,106.77923389895793,25.893322944641113
80,480,46406,117.4,177.61,90.85539398546359,26.638766050338745
80,490,48177,177.1,414.76,98.73444739675917,28.25950002670288
80,500,52409,423.2,102.66,360.1109636886743,29.094956874847412
90,10,226,22.6,35.61,28.495500961290585,0.16138911247253418
90,20,555,32.9,27.86,44.158975610853894,0.2954680919647217
90,30,938,38.3,21.55,111.97177574374236,0.412078857421875
90,40,1165,22.7,27.36,23.80916064509014,0.5314900875091553
90,50,1458,29.3,53.73,35.375033731083896,0.7448210716247559
90,60,1885,42.7,90.6,24.31878208789699,1.0970900058746338
90,70,2423,53.8,86.02,26.910566603023593,1.4918220043182373
90,80,2876,45.3,53.69,34.08240262599794,1.7302117347717285
90,90,3423,54.7,54.41,50.73789466178234,1.9801757335662842
90,100,3970,54.7,54.75,49.22492345206621,2.2303049564361572
90,110,4459,48.9,56.72,13.273175812194623,2.4786229133605957
90,120,4983,52.4,59.21,47.69586810448577,2.7381699085235596
90,130,5539,55.6,59.52,51.744201629847716,3.0008111000061035
90,140,6132,59.3,61.87,20.622915403332918,3.2758829593658447
90,150,6666,53.4,45.31,27.6060469664774,3.4891209602355957
90,160,7099,43.3,37.79,117.31377316430016,3.666639804840088
90,170,7510,41.1,69.49,95.88101771877368,3.9885339736938477
90,180,8122,61.2,67.88,5.252142678051266,4.29013204574585
90,190,8818,69.6,58.78,23.878983881164807,4.624284982681274
90,200,9470,65.2,124.12,40.83212730013308,5.134583950042725
90,210,10134,66.4,41.69,68.05696303794545,5.362148761749268
90,220,10528,39.4,43.16,5.602071770041329,5.562737941741943
90,230,10954,42.6,55.54,22.178125367437822,5.807965993881226
90,240,11533,57.9,48.42,10.15459723657494,6.0838000774383545
90,250,11997,46.4,47.92,8.33213556483356,6.30805778503418
90,260,12379,38.2,52.01,14.651051294450898,6.535239934921265
90,270,12895,51.6,76.9,28.94495072568355,6.909038066864014
90,280,13581,68.6,113.02,26.480964227717138,7.394362926483154
90,290,14398,81.7,43.95,74.19250572042749,7.6825950145721436
90,300,14824,42.6,62.91,28.639042179049095,7.9560887813568115
90,310,15402,57.8,52.26,14.368024266421932,8.210443019866943
90,320,15876,47.4,61.96,13.658983456181579,8.530203819274902
90,330,16427,55.1,44.13,28.565261214096132,8.75120997428894
90,340,16835,40.8,33.6,23.730318590909263,8.923053979873657
90,350,17149,31.4,47.95,29.548138914726408,9.172030925750732
90,360,17562,41.3,41.96,12.026777776305686,9.366710901260376
90,370,17990,42.8,75.84,46.71880584533107,9.683159112930298
90,380,18551,56.1,54.18,22.64550983842107,9.941115856170654
90,390,19079,52.8,41.87,26.892358850277223,10.19843578338623
90,400,19471,39.2,41.08,11.850928037117725,10.391771793365479
90,410,19834,36.3,128.04,79.83009284357954,10.91288709640503
90,420,20672,83.8,82.76,61.256533088781225,11.300421953201294
90,430,21355,68.3,52.64,40.46129470123978,11.562273025512695
90,440,21892,53.7,170.54,61.06341380533759,12.206469774246216
90,450,23149,125.7,124.86,71.8155666610531,12.773578882217407
90,460,24043,89.4,30.54,194.08991711237968,12.985580921173096
90,470,24308,26.5,23.99,14.400339737739731,13.10254693031311
90,480,24527,21.9,28.13,12.925196477782997,13.228003740310669
90,490,24824,29.7,89.38,29.97333021918018,13.622428894042969
90,500,25234,41.0,72.45,61.261043186727946,13.918181896209717
100,10,118,11.8,9.33,27.849515186133132,0.04739093780517578
100,20,268,15.0,9.33,28.616361935891504,0.09677410125732422
100,30,409,14.1,9.33,11.847655416674403,0.1448061466217041
100,40,535,12.6,9.33,3.3131730328162523,0.1916358470916748
100,50,710,17.5,9.33,28.195804249154822,0.24363994598388672
100,60,892,18.2,79.36,32.590051150112004,0.5306570529937744
100,70,1108,21.6,25.76,28.828152668752786,0.6423778533935547
100,80,1414,30.6,105.93,18.039756537340573,1.0313992500305176
100,90,1826,41.2,64.44,27.11932306484964,1.2929179668426514
100,100,2290,46.4,40.24,14.488066107178845,1.4800539016723633
100,110,2618,32.8,120.73,23.67079366875366,1.920738935470581
100,120,3194,57.6,52.7,30.174988126287637,2.161436080932617
100,130,3520,32.6,343.05,26.952750924082828,3.337027072906494
100,140,4383,86.3,201.99,41.14128758926809,4.11689019203186
100,150,5172,78.9,19.35,106.10362172436176,4.2720160484313965
100,160,5388,21.6,103.6,47.32778502434693,4.647397041320801
100,170,5764,37.6,446.28,40.997830797291236,6.175812005996704
100,180,7247,148.3,78.71,123.64137796171168,6.603929042816162
100,190,7766,51.9,75.85,134.97234819354819,6.9198949337005615
100,200,8178,41.2,173.12,104.97820576680762,7.545621871948242
100,210,9332,115.4,174.91,58.764040198488395,8.280103206634521
100,220,10771,143.9,37.53,177.7905231591266,8.588144063949585
100,230,11121,35.0,52.32,31.3496278296327,8.812582015991211
100,240,11695,57.4,170.63,58.50896027995796,9.454042196273804
100,250,12637,94.2,265.33,16.72762560454312,10.497651100158691
100,260,13776,113.9,152.11,23.71871412339781,11.177693128585815
100,270,14805,102.9,48.17,76.82072559187151,11.460124015808105
100,280,15252,44.7,88.97,47.162985813941596,11.828585863113403
100,290,15977,72.5,177.81,58.26544638475352,12.523043155670166
100,300,17025,104.8,500.0,120.5004094724298,14.321038961410522
110,10,166,16.6,9.35,30.194439365179093,0.05489706993103027
110,20,377,21.1,9.2,19.99333469337737,0.11171603202819824
110,30,605,22.8,117.27,57.08150629212214,0.5483760833740234
110,40,916,31.1,95.53,19.921739735985252,0.9250831604003906
110,50,1383,46.7,32.06,30.383404960012165,1.0950109958648682
110,60,1664,28.1,26.35,69.69445636759035,1.2187230587005615
110,70,1892,22.8,61.08,29.679665731351584,1.4529709815979004
110,80,2369,47.7,26.98,62.041067172913465,1.5978431701660156
110,90,2680,31.1,45.63,78.07905411124409,1.7913849353790283
110,100,3142,46.2,84.75,38.25569644927931,2.134408950805664
110,110,3938,79.6,29.14,100.51768157941652,2.328397035598755
110,120,4306,36.8,118.83,87.75035079124831,2.7831220626831055
110,130,5162,85.6,77.95,129.82096029329222,3.146857976913452
110,140,5517,35.5,272.41,102.01799638717407,4.160207033157349
110,150,7311,179.4,47.52,157.39120049203572,4.544499158859253
110,160,7737,42.6,180.66,87.80994492969839,5.240375995635986
110,170,9005,126.8,192.96,50.73061917784117,6.050925970077515
110,180,9960,95.5,200.99,16.81245332508112,6.850525140762329
110,190,10982,102.2,115.94,25.31896016464917,7.37177300453186
110,200,11864,88.2,101.4,49.803907862496615,7.821562051773071
110,210,12689,82.5,77.02,107.90395423896169,8.18061900138855
110,220,13202,51.3,194.54,83.72256854701617,8.909779071807861
110,230,14675,147.3,179.45,86.16606385033923,9.686663150787354
110,240,16177,150.2,210.14,38.069158626146454,10.621248960494995
110,250,17680,150.3,385.85,59.51454992974482,12.108884811401367
110,260,20483,280.3,356.01,130.25970470819337,13.654078006744385
110,270,21166,68.3,500.0,43.03485580327581,15.469138145446777
120,10,271,27.1,66.58,35.25335356403143,0.26626086235046387
120,20,605,33.4,25.17,39.757046562757345,0.39052796363830566
120,30,896,29.1,15.64,22.14738385873666,0.47776103019714355
120,40,1082,18.6,53.99,48.57901674365911,0.6816768646240234
120,50,1484,40.2,112.83,33.08641442915121,1.1132347583770752
120,60,1968,48.4,60.65,36.15099293223957,1.3761637210845947
120,70,2511,54.3,109.18,58.8767577609714,1.8068516254425049
120,80,3150,63.9,16.89,165.00078587825163,1.9374289512634277
120,90,3327,17.7,16.12,12.608614303046819,2.015235662460327
120,100,3497,17.0,24.24,48.120105852844304,2.1197056770324707
120,110,3745,24.8,25.32,9.091362918318843,2.236043930053711
120,120,4024,27.9,24.87,11.295706161833504,2.354172706604004
120,130,4304,28.0,24.27,12.827225816479526,2.4691927433013916
120,140,4531,22.7,27.7,17.437893902245957,2.5892159938812256
120,150,4789,25.8,41.76,28.498063710559457,2.759840965270996
120,160,5136,34.7,46.26,5.4482536165981355,2.9553377628326416
120,170,5627,49.1,143.54,77.61578221488044,3.492863893508911
120,180,6896,126.9,190.75,89.84137176963509,4.321224927902222
120,190,8469,157.3,92.19,192.34059784481616,4.818864822387695
120,200,9223,75.4,71.25,21.892971223278447,5.153601884841919
120,210,9791,56.8,66.03,9.588202844084938,5.44409966468811
120,220,10371,58.0,40.02,48.57550005410636,5.64996600151062
120,230,10746,37.5,53.76,38.459929229790454,5.876394987106323
120,240,11240,49.4,258.12,77.89468023107963,6.802509784698486
120,250,12248,100.8,195.65,86.61481231531945,7.5792388916015625
120,260,13077,82.9,198.64,33.39052876013292,8.356513023376465
120,270,13785,70.8,72.36,57.852789802954526,8.686828851699829
120,280,14438,65.3,202.64,57.75041204286177,9.451193809509277
120,290,15334,89.6,149.16,17.594418968981724,10.060389757156372
120,300,16078,74.4,165.14,32.00924547223609,10.712049722671509
120,310,16924,84.6,65.87,88.12088324136873,11.043843030929565
120,320,17479,55.5,77.5,17.987806089588496,11.379465818405151
120,330,18075,59.6,65.83,14.172785119628704,11.709767818450928
120,340,18703,62.8,232.59,75.16016914746783,12.6023268699646
120,350,19524,82.1,183.95,19.268059468856176,13.327350854873657
120,360,20387,86.3,73.54,81.70243579266675,13.678109884262085
120,370,20952,56.5,257.71,59.43331368800343,14.625318765640259
120,380,22123,117.1,95.12,61.87830051620291,15.084839820861816
120,390,22896,77.3,229.37,45.2377531086328,16.078589916229248
120,400,24233,133.7,94.52,53.36278225120749,16.549537897109985
120,410,24985,75.2,261.74,43.62165551776595,17.5212459564209
120,420,26031,104.6,100.79,33.89138987012876,17.983880758285522
120,430,26994,96.3,79.51,47.3329709130085,18.36882472038269
120,440,27651,65.7,78.31,10.376244632078484,18.711930751800537
120,450,28292,64.1,50.12,35.5482994522171,18.957918882369995
120,460,28751,45.9,106.67,66.22334073155727,19.37262988090515
120,470,29703,95.2,112.28,63.977885185935754,19.86583971977234
120,480,30710,100.7,125.73,90.76138738016013,20.40883183479309
120,490,31750,104.0,170.3,85.92881394683374,21.107423782348633
120,500,33433,168.3,303.45,138.95585652211324,22.40757989883423
130,10,187,18.7,43.04,50.47251096684057,0.1754150390625
130,20,391,20.4,13.21,35.690367563310936,0.24461984634399414
130,30,580,18.9,42.66,83.3095591413127,0.41094088554382324
130,40,1010,43.0,23.79,90.91753957009814,0.5403199195861816
130,50,1243,23.3,38.03,28.378289579590568,0.6968677043914795
130,60,1558,31.5,38.59,12.904833003327496,0.8760991096496582
130,70,1976,41.8,58.24,62.68841438761486,1.2735297679901123
130,80,2495,51.9,68.73,10.879145226831428,1.567516803741455
130,90,3106,61.1,37.52,80.25636243822713,1.765251874923706
130,100,3431,32.5,81.17,69.99296252638119,2.0769190788269043
130,110,4338,90.7,120.03,33.13637221351038,2.5825958251953125
130,120,5087,74.9,52.8,74.02842145692772,2.847105026245117
130,130,5570,48.3,67.16,38.19987276378466,3.133538007736206
130,140,6030,46.0,177.95,50.6888775771272,3.798308849334717
130,150,7249,121.9,497.49,106.87359761257702,5.639762878417969
140,10,233,23.3,23.42,87.75218479485471,0.11205601692199707
140,20,538,30.5,45.69,62.65071528984481,0.3023800849914551
140,30,962,42.4,27.86,86.16602398146243,0.44551801681518555
140,40,1212,25.0,33.16,20.136521423927306,0.587867259979248
140,50,1543,33.1,58.01,32.117814960726314,0.8211870193481445
140,60,1907,36.4,125.74,36.82163211186776,1.2895281314849854
140,70,2531,62.4,80.4,38.960861483358514,1.6351292133331299
140,80,3128,59.7,76.14,42.907692310967946,1.9628069400787354
140,90,3781,65.3,393.58,60.126700005408566,3.3656532764434814
140,100,5218,143.7,100.01,48.53491121686455,3.906198024749756
140,110,6001,78.3,19.74,119.41787497994734,4.067962169647217
140,120,6222,22.1,36.92,39.86564790233383,4.22370719909668
140,130,6571,34.9,197.78,72.49661875299833,4.929650068283081
140,140,7733,116.2,125.77,53.8375790106567,5.486562967300415
140,150,8772,103.9,152.05,136.0545976683917,6.120028257369995
140,160,9050,27.8,470.51,67.3035065217114,7.739490985870361
140,170,10377,132.7,45.18,195.60264417991584,8.042327165603638
140,180,10822,44.5,94.2,46.23226350903776,8.414045095443726
140,190,11462,64.0,175.29,35.84410332735885,9.076773166656494
140,200,12553,109.1,88.22,31.36130390621073,9.504536151885986
140,210,13308,75.5,79.77,112.23701823909063,9.864800930023193
140,220,13925,61.7,206.15,76.36344138311867,10.629240036010742
140,230,16210,228.5,339.76,190.9422398182488,12.047940015792847
140,240,16837,62.7,349.91,78.91884312970423,13.395389080047607
140,250,19203,236.6,456.72,96.28809832938106,15.23361611366272
140,260,21498,229.5,137.59,115.13057820689708,15.981935024261475
140,270,22890,139.2,56.03,118.58259850923761,16.34138321876526
140,280,23478,58.8,131.41,61.44479646935633,16.866677284240723
140,290,24534,105.6,139.23,41.862786918883856,17.46330213546753
140,300,25842,130.8,140.42,53.2717158909081,18.095649003982544
140,310,27124,128.2,325.64,48.651510476710335,19.354064226150513
140,320,29270,214.6,108.91,99.81334292616552,19.971049308776855
140,330,30252,98.2,249.16,122.36400427063741,20.922409296035767
140,340,32349,209.7,247.1,141.61886352493843,22.00479006767273
140,350,34761,241.2,85.62,296.19684297679896,22.584156274795532
140,360,35637,87.6,123.11,24.869399540955477,23.147705078125
140,370,36566,92.9,72.31,48.44161737027942,23.5026752948761
140,380,37198,63.2,91.56,69.92010486729026,23.888181924819946
140,390,38196,99.8,175.5,57.00842250774887,24.610644340515137
140,400,39682,148.6,137.24,50.03676331180504,25.28588104248047
140,410,40819,113.7,151.0,26.854069953220133,25.926995277404785
140,420,42128,130.9,309.57,55.60689493272474,27.126344203948975
140,430,43841,171.3,481.69,35.23017598020873,28.944475173950195
150,10,226,22.6,237.57,8.62521726672896,0.8456530570983887
150,20,500,27.4,35.86,64.21325301393452,1.0015029907226562
150,30,962,46.2,20.83,83.44147672784446,1.1264519691467285
150,40,1204,24.2,66.74,60.486652135133895,1.3837811946868896
150,50,1794,59.0,94.74,37.34756489994687,1.7720661163330078
150,60,2347,55.3,200.09,36.494188183132984,2.512026071548462
150,70,3084,73.7,277.73,77.39806545168187,3.537006139755249
150,80,4270,118.6,153.34,59.85063737266656,4.235982179641724
150,90,5640,137.0,15.67,155.76563638697814,4.451291084289551
150,100,5809,16.9,22.77,33.014962928864726,4.552544116973877
150,110,6031,22.2,132.1,75.3189387642822,5.02099609375
150,120,6892,86.1,137.47,104.84429035201843,5.5977301597595215
150,130,7587,69.5,19.04,214.77213964894807,5.746934175491333
150,140,7790,20.3,24.19,18.61522663344212,5.856703042984009
150,150,8096,30.6,278.89,62.73999127736928,6.848045110702515
150,160,9124,102.8,148.07,59.88971087625168,7.468898057937622
150,170,9778,65.4,135.84,92.55029148435707,8.008934259414673
150,180,11096,131.8,163.73,31.4188337015152,8.716402292251587
150,190,12723,162.7,193.12,46.24084861975841,9.593574285507202
150,200,14521,179.8,147.95,27.32709149070733,10.333652973175049
150,210,15855,133.4,203.13,33.71267876879382,11.206178188323975
150,220,17948,209.3,117.51,114.44748714709661,11.929851293563843
150,230,18834,88.6,110.12,56.66931222498379,12.42913818359375
150,240,19798,96.4,496.37,178.36171986916912,14.671783208847046
160,10,190,19.0,23.53,30.717026193273856,0.15860199928283691
160,20,416,22.6,21.74,26.246530209262563,0.260361909866333
160,30,710,29.4,50.9,32.28403271991301,0.4675016403198242
160,40,1093,38.3,32.15,43.7995003493515,0.621107816696167
160,50,1422,32.9,51.77,49.928835029571935,0.8995850086212158
160,60,1924,50.2,36.65,53.93646907660457,1.0848197937011719
160,70,2305,38.1,65.48,23.38613572575452,1.351233720779419
160,80,2848,54.3,42.88,56.53032958636966,1.5582947731018066
160,90,3233,38.5,62.95,59.64562085449536,1.8154478073120117
160,100,3669,43.6,35.14,81.20467995403004,1.9845118522644043
160,110,4021,35.2,216.66,51.81424122079421,2.762272834777832
160,120,4872,85.1,63.14,36.00100604550225,3.0788626670837402
160,130,5534,66.2,103.06,74.52767811431393,3.510519027709961
160,140,6214,68.0,168.61,18.12047971469777,4.1593687534332275
160,150,6874,66.0,209.36,32.21996067038126,4.9400718212127686
160,160,7686,81.2,90.55,20.690008862950396,5.337166786193848
160,170,8623,93.7,32.18,108.87195710327214,5.55315089225769
160,180,8962,33.9,125.08,50.04861409639282,6.0149476528167725
160,190,9922,96.0,187.49,145.6818616112862,6.755221843719482
160,200,10336,41.4,29.9,52.705543001187216,6.906429767608643
160,210,10613,27.7,178.94,55.03350433063101,7.540249824523926
160,220,11778,116.5,13.81,254.2663981954348,7.717939853668213
160,230,11925,14.7,15.49,10.773057326075985,7.79151177406311
160,240,12101,17.6,62.18,57.00057065536126,8.021196603775024
160,250,12601,50.0,137.17,68.31546588183895,8.533771991729736
160,260,13416,81.5,105.98,127.7550305054699,8.981801986694336
160,270,14018,60.2,465.56,125.94639945410893,10.619738817214966
160,280,16123,210.5,310.12,88.72986181245828,11.942327737808228
160,290,19062,293.9,25.43,415.74905440310425,12.370692729949951
160,300,19340,27.8,33.97,31.16435420191729,12.527711868286133
160,310,19639,29.9,38.05,25.175243768170105,12.696168899536133
160,320,19867,22.8,48.08,13.77614143451443,12.889065980911255
160,330,20281,41.4,69.22,62.69583643555434,13.173667669296265
160,340,20947,66.6,51.69,61.85503415757726,13.423637866973877
160,350,21405,45.8,51.95,103.88890069084358,13.651244640350342
160,360,21925,52.0,86.13,92.21241392187783,13.997438907623291
160,370,22784,85.9,91.08,66.81404411968688,14.40022873878479
160,380,23687,90.3,81.08,50.412619950612964,14.782176971435547
160,390,24351,66.4,98.84,83.86293809299879,15.196445941925049
160,400,25193,84.2,149.09,163.21418060142454,15.838717937469482
160,410,26364,117.1,85.0,74.89784981299323,16.26449465751648
160,420,27201,83.7,79.97,49.509984385516205,16.636116981506348
160,430,27963,76.2,77.82,32.22686371650247,16.991307973861694
160,440,28711,74.8,92.64,82.21286770277509,17.39421582221985
160,450,29595,88.4,144.79,76.35131769724305,17.98451566696167
160,460,30929,133.4,121.47,37.69129093242991,18.54610300064087
160,470,31996,106.7,108.35,96.28795134888682,19.034547805786133
160,480,33069,107.3,73.48,97.89500239727069,19.406437873840332
160,490,33722,65.3,106.78,51.5722126035878,19.843626976013184
160,500,34467,74.5,258.52,146.93912604998582,20.798101902008057
170,10,197,19.7,55.48,36.32987160169698,0.2170391082763672
170,20,489,29.2,63.02,42.59182306561074,0.46227407455444336
170,30,916,42.7,48.14,18.711422684400105,0.6787571907043457
170,40,1235,31.9,26.44,24.471777554927503,0.8078291416168213
170,50,1562,32.7,30.83,9.381677386485768,0.9522192478179932
170,60,1917,35.5,72.03,25.449441707320748,1.2759900093078613
170,70,2365,44.8,55.27,18.232780976277628,1.5168960094451904
170,80,2751,38.6,75.35,22.28329370496013,1.8174312114715576
170,90,3317,56.6,24.51,51.37905711699934,1.9697799682617188
170,100,3562,24.5,58.34,40.11256297062718,2.2013661861419678
170,110,4269,70.7,28.79,77.13669375958573,2.381309986114502
170,120,4573,30.4,80.14,48.869531073438424,2.6950201988220215
170,130,5263,69.0,31.39,90.38100660980857,2.8837530612945557
170,140,5569,30.6,58.52,33.46232218249023,3.1260039806365967
170,150,6287,71.8,46.2,85.86002160561766,3.369565963745117
170,160,6694,40.7,82.84,90.62429225879116,3.699611186981201
170,170,7315,62.1,44.36,106.94696990592901,3.9206652641296387
170,180,7767,45.2,73.63,60.36193319139533,4.220661163330078
170,190,8471,70.4,130.95,66.23857107204725,4.7790610790252686
170,200,9735,126.4,82.04,164.83340810090624,5.2014100551605225
170,210,10340,60.5,152.37,101.44264119461566,5.801285266876221
170,220,11667,132.7,31.23,87.51127135442495,6.062814950942993
170,230,12011,34.4,91.33,62.884285423923835,6.418777227401733
170,240,12823,81.2,93.92,19.49768176650768,6.830440998077393
170,250,13556,73.3,205.17,43.937360157429985,7.605298042297363
170,260,14757,120.1,110.54,109.86483669638517,8.114258050918579
170,270,15376,61.9,140.8,50.54106712231269,8.663798093795776
170,280,16729,135.3,199.07,20.95916829833382,9.485054016113281
170,290,18384,165.5,248.11,54.53347389403788,10.499697923660278
170,300,20429,204.5,482.75,56.24923721299735,12.426438331604004
180,10,263,26.3,106.23,15.293745977188221,0.40178894996643066
180,20,634,37.1,168.06,26.973405281545716,1.0181937217712402
180,30,1024,39.0,21.96,51.24581942722317,1.139359951019287
180,40,1290,26.6,26.54,109.46516026780063,1.263023853302002
180,50,1580,29.0,43.8,25.619593814254994,1.445765733718872
180,60,2142,56.2,76.34,43.28367929852257,1.7706518173217773
180,70,2735,59.3,159.66,16.42879558377545,2.3799307346343994
180,80,3334,59.9,27.8,69.67568645902618,2.5445916652679443
180,90,3631,29.7,125.62,73.42499700214279,3.0447487831115723
180,100,4492,86.1,92.41,22.28896197370354,3.4563589096069336
180,110,5222,73.0,110.74,74.64800353928959,3.917804718017578
180,120,5964,74.2,115.19,112.24832215405623,4.391904592514038
180,130,6497,53.3,493.56,69.15863919024409,6.130321741104126
190,10,194,19.4,9.35,42.663361204281586,0.05745506286621094
190,20,421,22.7,61.8,72.19819086239987,0.2932741641998291
190,30,705,28.4,22.83,44.14020868618634,0.4048120975494385
190,40,942,23.7,63.76,31.107122919677302,0.6497972011566162
190,50,1329,38.7,73.56,19.3828173058934,0.943976879119873
190,60,1718,38.9,106.11,23.139352848394378,1.3491368293762207
190,70,2335,61.7,143.11,28.376999995199565,1.9088408946990967
190,80,3017,68.2,68.11,33.71812929838027,2.217055082321167
190,90,3577,56.0,32.2,80.74049408707452,2.3992040157318115
190,100,3936,35.9,90.45,69.32115703896396,2.7570061683654785
190,110,4769,83.3,51.11,67.85742161732313,3.0299131870269775
190,120,5314,54.5,165.51,37.42379925505039,3.6519219875335693
190,130,6484,117.0,161.95,66.5706493700797,4.331525087356567
190,140,7732,124.8,12.24,215.84633144056684,4.522906064987183
190,150,7864,13.2,19.3,55.83099415438065,4.6110498905181885
190,160,8044,18.0,17.85,8.53652460498964,4.694766998291016
190,170,8225,18.1,19.52,8.838341131970925,4.784290075302124
190,180,8421,19.6,54.24,27.61579980515727,4.99401593208313
190,190,8807,38.6,368.27,85.88141959877291,6.2920918464660645
190,200,10100,129.3,21.75,125.41418820516532,6.515208959579468
190,210,10288,18.8,31.89,22.22744233103231,6.65215802192688
190,220,10618,33.0,149.38,49.13577015503345,7.198803901672363
190,230,12043,142.5,169.4,174.93529131007082,7.974056959152222
190,240,13166,112.3,316.85,80.68811949926896,9.179517030715942
190,250,14744,157.8,131.54,105.89508104995498,9.809587955474854
190,260,15981,123.7,29.0,154.47808998859313,10.052619934082031
190,270,16304,32.3,41.49,40.95376529332428,10.235154867172241
190,280,16722,41.8,59.3,42.095302627075334,10.485956192016602
190,290,17314,59.2,72.54,24.56837334256465,10.799194097518921
190,300,18021,70.7,52.33,37.924400069786046,11.056113004684448
190,310,18507,48.6,80.03,39.63810669563882,11.38089108467102
190,320,19282,77.5,245.12,87.23753551961418,12.294877052307129
190,330,21597,231.5,89.68,207.63201653325746,12.900911092758179
190,340,22520,92.3,170.71,64.56190366881971,13.591261863708496
190,350,23922,140.2,121.26,125.10772963326852,14.158066034317017
190,360,24878,95.6,314.27,161.68316052132005,15.334305047988892
190,370,27369,249.1,498.8,85.08514542018698,17.297893047332764
200,10,188,18.8,28.3,54.39107601118232,0.12969112396240234
200,20,459,27.1,22.56,35.66346804991799,0.23990702629089355
200,30,799,34.0,20.92,70.36395041100896,0.351456880569458
200,40,1086,28.7,56.61,53.79763970356054,0.5769031047821045
200,50,1598,51.2,68.75,13.29896438530654,0.8680770397186279
200,60,2043,44.5,62.23,21.12010512470183,1.1323959827423096
200,70,2390,34.7,24.32,45.68957055858493,1.2565500736236572
200,80,2694,30.4,60.75,39.40598478737653,1.4984071254730225
200,90,3157,46.3,91.1,26.977339311136614,1.8600070476531982
200,100,3760,60.3,147.7,31.101923480545327,2.4578070640563965
200,110,4279,51.9,43.48,52.80798780597984,2.6685118675231934
200,120,4763,48.4,78.33,43.15846380212511,2.990640163421631
200,130,5525,76.2,34.5,65.40165332723042,3.1962971687316895
200,140,5855,33.0,68.88,71.01374866882665,3.471374988555908
200,150,6415,56.0,55.27,57.38249693814167,3.7230520248413086
200,160,6840,42.5,140.49,50.61350439064921,4.247076988220215
200,170,7830,99.0,19.19,134.15567515299017,4.426893949508667
200,180,8035,20.5,75.38,61.434791846334925,4.711374044418335
200,190,8516,48.1,87.49,119.52148764239652,5.0629448890686035
200,200,9038,52.2,184.81,82.9232332067107,5.741486072540283
200,210,10413,137.5,107.45,82.26531001303358,6.258119106292725
200,220,11293,88.0,166.89,87.6109161859811,6.943531036376953
200,230,12448,115.5,23.44,108.95083921294156,7.160839080810547
200,240,12681,23.3,46.76,44.438228683914936,7.353187084197998
200,250,13091,41.0,174.51,76.65946395994271,7.992314100265503
200,260,14845,175.4,281.0,157.14642369270155,9.142350912094116
200,270,16580,173.5,306.69,82.80306500883843,10.38758897781372
200,280,19035,245.5,166.11,135.1863216724796,11.276069164276123
200,290,19732,69.7,224.53,107.73932034332982,12.15126895904541
200,300,21896,216.4,142.89,253.14910061608725,12.914579153060913
200,310,22763,86.7,186.65,59.89384740712993,13.717308044433594
200,320,23947,118.4,112.46,53.04393580379004,14.243353128433228
200,330,24872,92.5,74.58,115.60924910254607,14.611722946166992
200,340,25314,44.2,125.2,103.18934063250352,15.105786085128784
200,350,26636,132.2,147.93,82.15925136691288,15.779484033584595
200,360,28152,151.6,203.12,66.51050436061294,16.655041933059692
200,370,30020,186.8,107.7,94.81776150622579,17.23387622833252
200,380,31033,101.3,94.73,14.413389681532136,17.675849199295044
200,390,31853,82.0,129.19,131.14641370685746,18.21036410331726
200,400,33039,118.6,155.24,58.07047376342491,18.877610206604004
200,410,34576,153.7,360.36,97.19930735318223,20.291626930236816
200,420,38295,371.9,381.19,103.34832386958412,22.02080512046814
200,430,41253,295.8,264.22,91.2562674718465,23.32414722442627
200,440,43934,268.1,95.2,224.8496536923724,23.965309143066406
200,450,44699,76.5,92.21,26.959238239788963,24.379360914230347
200,460,45530,83.1,120.41,66.34392357444511,24.883672952651978
200,470,46695,116.5,215.32,83.25374908581763,25.774019956588745
200,480,48574,187.9,78.75,142.68923954558016,26.26398992538452
200,490,49227,65.3,203.77,169.82933098583817,27.038531064987183
200,500,50995,176.8,100.46,133.0736958598888,27.577954053878784
